case_id,event_index,activity,lifecycle_transition,instance_id,timestamp,trace_type
s1s1,0,Donor check-in,start,a67d69be-d371-4f70-87fe-f5c999f44de1,2024-09-11T15:56:09.219893+00:00,basic
s1s1,1,Donor check-in,complete,a67d69be-d371-4f70-87fe-f5c999f44de1,2024-09-11T15:56:16.011468+00:00,basic
s1s1,2,HCW check-in,start,a9b06dd5-14e3-4d3a-8612-9a7beb988e3b,2024-09-11T15:56:19.498648+00:00,basic
s1s1,3,HCW check-in,complete,a9b06dd5-14e3-4d3a-8612-9a7beb988e3b,2024-09-11T15:56:24.279346+00:00,basic
s1s1,4,Hand hygiene,start,20906e47-d40b-45f2-a65b-173dbb8f6431,2024-09-11T15:56:26.929568+00:00,basic
s1s1,5,Hand hygiene,complete,20906e47-d40b-45f2-a65b-173dbb8f6431,2024-09-11T15:56:33.320994+00:00,basic
s1s1,6,Check blood drawing machine,start,9d37ae30-3455-4566-83dd-5cf6e7d3bcf5,2024-09-11T15:56:51.523652+00:00,basic
s1s1,7,Check blood drawing machine,complete,9d37ae30-3455-4566-83dd-5cf6e7d3bcf5,2024-09-11T15:56:55.794360+00:00,basic
s1s1,8,Apply tourniquet,start,3f560d09-c0b4-4b21-803b-c7d53483c86c,2024-09-11T15:56:57.437567+00:00,basic
s1s1,9,Apply tourniquet,complete,3f560d09-c0b4-4b21-803b-c7d53483c86c,2024-09-11T15:57:13.752493+00:00,basic
s1s1,10,Hand hygiene,start,20906e47-d40b-45f2-a65b-173dbb8f6431,2024-09-11T15:57:15.114683+00:00,basic
s1s1,11,Hand hygiene,complete,20906e47-d40b-45f2-a65b-173dbb8f6431,2024-09-11T15:58:22.076982+00:00,basic
s1s1,12,Disinfect injection site,start,584e55d1-6d29-4755-8157-8425e350d58f,2024-09-11T15:58:25.527873+00:00,basic
s1s1,13,Disinfect injection site,complete,584e55d1-6d29-4755-8157-8425e350d58f,2024-09-11T15:58:47.402043+00:00,basic
s1s1,14,Insert needle,start,ec51e296-e89b-4f04-9269-eba290522620,2024-09-11T15:58:52.283012+00:00,basic
s1s1,15,Insert needle,complete,ec51e296-e89b-4f04-9269-eba290522620,2024-09-11T15:59:08.026884+00:00,basic
s1s1,16,Remove tourniquet,start,458e722f-09a4-44ab-ad01-ad9776af9ea6,2024-09-11T15:59:11.426006+00:00,basic
s1s1,17,Remove tourniquet,complete,458e722f-09a4-44ab-ad01-ad9776af9ea6,2024-09-11T15:59:17.085564+00:00,basic
s1s1,18,Start blood drawing machine,start,7b49baac-e486-4043-8a77-e615b77fa894,2024-09-11T15:59:20.353666+00:00,basic
s1s1,19,Start blood drawing machine,complete,7b49baac-e486-4043-8a77-e615b77fa894,2024-09-11T15:59:26.343425+00:00,basic
s1s1,20,Monitor patient,start,0e7ff5d4-31da-4d90-a342-6e05fc718c1d,2024-09-11T15:59:28.573590+00:00,basic
s1s1,21,Monitor patient,complete,0e7ff5d4-31da-4d90-a342-6e05fc718c1d,2024-09-11T15:59:37.781354+00:00,basic
s1s1,22,Stop blood drawing machine,start,3f266752-410a-4b3b-98a2-1d6982092cc1,2024-09-11T15:59:40.538284+00:00,basic
s1s1,23,Stop blood drawing machine,complete,3f266752-410a-4b3b-98a2-1d6982092cc1,2024-09-11T15:59:46.788630+00:00,basic
s1s1,24,Remove needle,start,a4485d2e-56db-4da8-9373-3478d95254fa,2024-09-11T15:59:47.824502+00:00,basic
s1s1,25,Remove needle,complete,a4485d2e-56db-4da8-9373-3478d95254fa,2024-09-11T16:00:01.199689+00:00,basic
s1s1,26,Hand hygiene,start,20906e47-d40b-45f2-a65b-173dbb8f6431,2024-09-11T16:00:05.133422+00:00,basic
s1s1,27,Hand hygiene,complete,20906e47-d40b-45f2-a65b-173dbb8f6431,2024-09-11T16:00:37.774905+00:00,basic
s1s1,28,Donor check-out,start,339b2376-8b7e-42e2-9f97-318155e799b4,2024-09-11T16:00:40.055285+00:00,basic
s1s1,29,Donor check-out,complete,339b2376-8b7e-42e2-9f97-318155e799b4,2024-09-11T16:00:42.692139+00:00,basic
s1s1,30,Take out samples,start,baa31a27-fcb4-4cc7-8247-d7fa5eda96c7,2024-09-11T16:00:47.032415+00:00,basic
s1s1,31,Take out samples,complete,baa31a27-fcb4-4cc7-8247-d7fa5eda96c7,2024-09-11T16:00:52.772170+00:00,basic
s1s1,32,Hand hygiene,start,20906e47-d40b-45f2-a65b-173dbb8f6431,2024-09-11T16:00:55.319446+00:00,basic
s1s1,33,Hand hygiene,complete,20906e47-d40b-45f2-a65b-173dbb8f6431,2024-09-11T16:01:15.388279+00:00,basic
s1s1,34,HCW check-out,start,7a41d5ac-378f-4141-bcd0-d1268b27d4d6,2024-09-11T16:01:19.321501+00:00,basic
s1s1,35,HCW check-out,complete,7a41d5ac-378f-4141-bcd0-d1268b27d4d6,2024-09-11T16:01:24.354026+00:00,basic
s1s2,0,Donor check-in,start,a67d69be-d371-4f70-87fe-f5c999f44de1,2024-09-11T16:04:07.242011+00:00,basic
s1s2,1,Donor check-in,complete,a67d69be-d371-4f70-87fe-f5c999f44de1,2024-09-11T16:04:11.160313+00:00,basic
s1s2,2,HCW check-in,start,a9b06dd5-14e3-4d3a-8612-9a7beb988e3b,2024-09-11T16:04:12.680804+00:00,basic
s1s2,3,HCW check-in,complete,a9b06dd5-14e3-4d3a-8612-9a7beb988e3b,2024-09-11T16:04:16.824618+00:00,basic
s1s2,4,Hand hygiene,start,20906e47-d40b-45f2-a65b-173dbb8f6431,2024-09-11T16:04:19.526257+00:00,basic
s1s2,5,Hand hygiene,complete,20906e47-d40b-45f2-a65b-173dbb8f6431,2024-09-11T16:04:29.333264+00:00,basic
s1s2,6,Check blood drawing machine,start,9d37ae30-3455-4566-83dd-5cf6e7d3bcf5,2024-09-11T16:04:34.051653+00:00,basic
s1s2,7,Check blood drawing machine,complete,9d37ae30-3455-4566-83dd-5cf6e7d3bcf5,2024-09-11T16:04:38.805105+00:00,basic
s1s2,8,Apply tourniquet,start,3f560d09-c0b4-4b21-803b-c7d53483c86c,2024-09-11T16:04:49.577692+00:00,basic
s1s2,9,Apply tourniquet,complete,3f560d09-c0b4-4b21-803b-c7d53483c86c,2024-09-11T16:05:01.624255+00:00,basic
s1s2,10,Hand hygiene,start,20906e47-d40b-45f2-a65b-173dbb8f6431,2024-09-11T16:05:07.728441+00:00,basic
s1s2,11,Hand hygiene,complete,20906e47-d40b-45f2-a65b-173dbb8f6431,2024-09-11T16:05:44.835537+00:00,basic
s1s2,12,Disinfect injection site,start,584e55d1-6d29-4755-8157-8425e350d58f,2024-09-11T16:05:48.157828+00:00,basic
s1s2,13,Disinfect injection site,complete,584e55d1-6d29-4755-8157-8425e350d58f,2024-09-11T16:06:02.657543+00:00,basic
s1s2,14,Insert needle,start,ec51e296-e89b-4f04-9269-eba290522620,2024-09-11T16:06:10.548844+00:00,basic
s1s2,15,Insert needle,complete,ec51e296-e89b-4f04-9269-eba290522620,2024-09-11T16:06:16.835459+00:00,basic
s1s2,16,Remove tourniquet,start,458e722f-09a4-44ab-ad01-ad9776af9ea6,2024-09-11T16:06:22.773616+00:00,basic
s1s2,17,Remove tourniquet,complete,458e722f-09a4-44ab-ad01-ad9776af9ea6,2024-09-11T16:06:29.160931+00:00,basic
s1s2,18,Start blood drawing machine,start,7b49baac-e486-4043-8a77-e615b77fa894,2024-09-11T16:06:30.804687+00:00,basic
s1s2,19,Start blood drawing machine,complete,7b49baac-e486-4043-8a77-e615b77fa894,2024-09-11T16:06:33.990477+00:00,basic
s1s2,20,Monitor patient,start,0e7ff5d4-31da-4d90-a342-6e05fc718c1d,2024-09-11T16:06:37.730350+00:00,basic
s1s2,21,Monitor patient,complete,0e7ff5d4-31da-4d90-a342-6e05fc718c1d,2024-09-11T16:06:45.055482+00:00,basic
s1s2,22,Stop blood drawing machine,start,3f266752-410a-4b3b-98a2-1d6982092cc1,2024-09-11T16:06:48.773744+00:00,basic
s1s2,23,Stop blood drawing machine,complete,3f266752-410a-4b3b-98a2-1d6982092cc1,2024-09-11T16:06:51.835109+00:00,basic
s1s2,24,Remove needle,start,a4485d2e-56db-4da8-9373-3478d95254fa,2024-09-11T16:06:55.293380+00:00,basic
s1s2,25,Remove needle,complete,a4485d2e-56db-4da8-9373-3478d95254fa,2024-09-11T16:07:08.757783+00:00,basic
s1s2,26,Hand hygiene,start,20906e47-d40b-45f2-a65b-173dbb8f6431,2024-09-11T16:07:11.886636+00:00,basic
s1s2,27,Hand hygiene,complete,20906e47-d40b-45f2-a65b-173dbb8f6431,2024-09-11T16:07:27.810830+00:00,basic
s1s2,28,Donor check-out,start,339b2376-8b7e-42e2-9f97-318155e799b4,2024-09-11T16:07:29.485896+00:00,basic
s1s2,29,Donor check-out,complete,339b2376-8b7e-42e2-9f97-318155e799b4,2024-09-11T16:07:29.905498+00:00,basic
s1s2,30,Take out samples,start,baa31a27-fcb4-4cc7-8247-d7fa5eda96c7,2024-09-11T16:07:35.773225+00:00,basic
s1s2,31,Take out samples,complete,baa31a27-fcb4-4cc7-8247-d7fa5eda96c7,2024-09-11T16:07:43.785146+00:00,basic
s1s2,32,Hand hygiene,start,20906e47-d40b-45f2-a65b-173dbb8f6431,2024-09-11T16:07:49.698672+00:00,basic
s1s2,33,Hand hygiene,complete,20906e47-d40b-45f2-a65b-173dbb8f6431,2024-09-11T16:07:52.216459+00:00,basic
s1s2,34,HCW check-out,start,7a41d5ac-378f-4141-bcd0-d1268b27d4d6,2024-09-11T16:07:53.629907+00:00,basic
s1s2,35,HCW check-out,complete,7a41d5ac-378f-4141-bcd0-d1268b27d4d6,2024-09-11T16:07:55.550463+00:00,basic
s1s3,0,Donor check-in,start,a67d69be-d371-4f70-87fe-f5c999f44de1,2024-09-11T16:09:44.725978+00:00,basic
s1s3,1,Donor check-in,complete,a67d69be-d371-4f70-87fe-f5c999f44de1,2024-09-11T16:09:48.444730+00:00,basic
s1s3,2,HCW check-in,start,a9b06dd5-14e3-4d3a-8612-9a7beb988e3b,2024-09-11T16:09:50.945495+00:00,basic
s1s3,3,HCW check-in,complete,a9b06dd5-14e3-4d3a-8612-9a7beb988e3b,2024-09-11T16:09:53.894325+00:00,basic
s1s3,4,Hand hygiene,start,20906e47-d40b-45f2-a65b-173dbb8f6431,2024-09-11T16:09:56.511529+00:00,basic
s1s3,5,Hand hygiene,complete,20906e47-d40b-45f2-a65b-173dbb8f6431,2024-09-11T16:10:02.422100+00:00,basic
s1s3,6,Check blood drawing machine,start,9d37ae30-3455-4566-83dd-5cf6e7d3bcf5,2024-09-11T16:10:03.492141+00:00,basic
s1s3,7,Check blood drawing machine,complete,9d37ae30-3455-4566-83dd-5cf6e7d3bcf5,2024-09-11T16:10:06.951007+00:00,basic
s1s3,8,Apply tourniquet,start,3f560d09-c0b4-4b21-803b-c7d53483c86c,2024-09-11T16:10:11.341744+00:00,basic
s1s3,9,Apply tourniquet,complete,3f560d09-c0b4-4b21-803b-c7d53483c86c,2024-09-11T16:10:16.517193+00:00,basic
s1s3,10,Hand hygiene,start,20906e47-d40b-45f2-a65b-173dbb8f6431,2024-09-11T16:10:18.357562+00:00,basic
s1s3,11,Hand hygiene,complete,20906e47-d40b-45f2-a65b-173dbb8f6431,2024-09-11T16:10:25.184441+00:00,basic
s1s3,12,Disinfect injection site,start,584e55d1-6d29-4755-8157-8425e350d58f,2024-09-11T16:10:29.006349+00:00,basic
s1s3,13,Disinfect injection site,complete,584e55d1-6d29-4755-8157-8425e350d58f,2024-09-11T16:10:38.068195+00:00,basic
s1s3,14,Insert needle,start,ec51e296-e89b-4f04-9269-eba290522620,2024-09-11T16:10:42.333419+00:00,basic
s1s3,15,Insert needle,complete,ec51e296-e89b-4f04-9269-eba290522620,2024-09-11T16:10:51.549104+00:00,basic
s1s3,16,Remove tourniquet,start,458e722f-09a4-44ab-ad01-ad9776af9ea6,2024-09-11T16:10:54.797044+00:00,basic
s1s3,17,Remove tourniquet,complete,458e722f-09a4-44ab-ad01-ad9776af9ea6,2024-09-11T16:10:57.884763+00:00,basic
s1s3,18,Start blood drawing machine,start,7b49baac-e486-4043-8a77-e615b77fa894,2024-09-11T16:11:02.331946+00:00,basic
s1s3,19,Start blood drawing machine,complete,7b49baac-e486-4043-8a77-e615b77fa894,2024-09-11T16:11:07.290178+00:00,basic
s1s3,20,Monitor patient,start,0e7ff5d4-31da-4d90-a342-6e05fc718c1d,2024-09-11T16:11:10.539564+00:00,basic
s1s3,21,Monitor patient,complete,0e7ff5d4-31da-4d90-a342-6e05fc718c1d,2024-09-11T16:11:19.675278+00:00,basic
s1s3,22,Stop blood drawing machine,start,3f266752-410a-4b3b-98a2-1d6982092cc1,2024-09-11T16:11:24.391586+00:00,basic
s1s3,23,Stop blood drawing machine,complete,3f266752-410a-4b3b-98a2-1d6982092cc1,2024-09-11T16:11:29.050868+00:00,basic
s1s3,24,Remove needle,start,a4485d2e-56db-4da8-9373-3478d95254fa,2024-09-11T16:11:32.537223+00:00,basic
s1s3,25,Remove needle,complete,a4485d2e-56db-4da8-9373-3478d95254fa,2024-09-11T16:11:47.880396+00:00,basic
s1s3,26,Hand hygiene,start,20906e47-d40b-45f2-a65b-173dbb8f6431,2024-09-11T16:11:51.759304+00:00,basic
s1s3,27,Hand hygiene,complete,20906e47-d40b-45f2-a65b-173dbb8f6431,2024-09-11T16:12:01.282420+00:00,basic
s1s3,28,Donor check-out,start,339b2376-8b7e-42e2-9f97-318155e799b4,2024-09-11T16:12:04.945188+00:00,basic
s1s3,29,Donor check-out,complete,339b2376-8b7e-42e2-9f97-318155e799b4,2024-09-11T16:12:07.467082+00:00,basic
s1s3,30,Take out samples,start,baa31a27-fcb4-4cc7-8247-d7fa5eda96c7,2024-09-11T16:12:09.609706+00:00,basic
s1s3,31,Take out samples,complete,baa31a27-fcb4-4cc7-8247-d7fa5eda96c7,2024-09-11T16:12:15.541417+00:00,basic
s1s3,32,Hand hygiene,start,20906e47-d40b-45f2-a65b-173dbb8f6431,2024-09-11T16:12:19.916468+00:00,basic
s1s3,33,Hand hygiene,complete,20906e47-d40b-45f2-a65b-173dbb8f6431,2024-09-11T16:12:22.722718+00:00,basic
s1s3,34,HCW check-out,start,7a41d5ac-378f-4141-bcd0-d1268b27d4d6,2024-09-11T16:12:24.536270+00:00,basic
s1s3,35,HCW check-out,complete,7a41d5ac-378f-4141-bcd0-d1268b27d4d6,2024-09-11T16:12:31.567328+00:00,basic
s1s4,0,Donor check-in,start,a67d69be-d371-4f70-87fe-f5c999f44de1,2024-09-11T16:15:37.928078+00:00,basic
s1s4,1,Donor check-in,complete,a67d69be-d371-4f70-87fe-f5c999f44de1,2024-09-11T16:15:40.554151+00:00,basic
s1s4,2,HCW check-in,start,a9b06dd5-14e3-4d3a-8612-9a7beb988e3b,2024-09-11T16:15:43.647256+00:00,basic
s1s4,3,HCW check-in,complete,a9b06dd5-14e3-4d3a-8612-9a7beb988e3b,2024-09-11T16:15:48.765795+00:00,basic
s1s4,4,Hand hygiene,start,20906e47-d40b-45f2-a65b-173dbb8f6431,2024-09-11T16:15:50.087351+00:00,basic
s1s4,5,Hand hygiene,complete,20906e47-d40b-45f2-a65b-173dbb8f6431,2024-09-11T16:16:02.604569+00:00,basic
s1s4,6,Check blood drawing machine,start,9d37ae30-3455-4566-83dd-5cf6e7d3bcf5,2024-09-11T16:16:04.510101+00:00,basic
s1s4,7,Check blood drawing machine,complete,9d37ae30-3455-4566-83dd-5cf6e7d3bcf5,2024-09-11T16:16:11.249839+00:00,basic
s1s4,8,Apply tourniquet,start,3f560d09-c0b4-4b21-803b-c7d53483c86c,2024-09-11T16:16:13.272703+00:00,basic
s1s4,9,Apply tourniquet,complete,3f560d09-c0b4-4b21-803b-c7d53483c86c,2024-09-11T16:16:21.290798+00:00,basic
s1s4,10,Hand hygiene,start,20906e47-d40b-45f2-a65b-173dbb8f6431,2024-09-11T16:16:23.278363+00:00,basic
s1s4,11,Hand hygiene,complete,20906e47-d40b-45f2-a65b-173dbb8f6431,2024-09-11T16:16:48.965160+00:00,basic
s1s4,12,Disinfect injection site,start,584e55d1-6d29-4755-8157-8425e350d58f,2024-09-11T16:16:51.811204+00:00,basic
s1s4,13,Disinfect injection site,complete,584e55d1-6d29-4755-8157-8425e350d58f,2024-09-11T16:17:05.177693+00:00,basic
s1s4,14,Insert needle,start,ec51e296-e89b-4f04-9269-eba290522620,2024-09-11T16:17:06.339706+00:00,basic
s1s4,15,Insert needle,complete,ec51e296-e89b-4f04-9269-eba290522620,2024-09-11T16:17:15.834353+00:00,basic
s1s4,16,Remove tourniquet,start,458e722f-09a4-44ab-ad01-ad9776af9ea6,2024-09-11T16:17:16.827724+00:00,basic
s1s4,17,Remove tourniquet,complete,458e722f-09a4-44ab-ad01-ad9776af9ea6,2024-09-11T16:17:21.504661+00:00,basic
s1s4,18,Start blood drawing machine,start,7b49baac-e486-4043-8a77-e615b77fa894,2024-09-11T16:17:23.394778+00:00,basic
s1s4,19,Start blood drawing machine,complete,7b49baac-e486-4043-8a77-e615b77fa894,2024-09-11T16:17:30.924454+00:00,basic
s1s4,20,Monitor patient,start,0e7ff5d4-31da-4d90-a342-6e05fc718c1d,2024-09-11T16:17:32.469792+00:00,basic
s1s4,21,Monitor patient,complete,0e7ff5d4-31da-4d90-a342-6e05fc718c1d,2024-09-11T16:17:44.476469+00:00,basic
s1s4,22,Stop blood drawing machine,start,3f266752-410a-4b3b-98a2-1d6982092cc1,2024-09-11T16:17:46.982863+00:00,basic
s1s4,23,Stop blood drawing machine,complete,3f266752-410a-4b3b-98a2-1d6982092cc1,2024-09-11T16:17:51.387279+00:00,basic
s1s4,24,Remove needle,start,a4485d2e-56db-4da8-9373-3478d95254fa,2024-09-11T16:17:54.223491+00:00,basic
s1s4,25,Remove needle,complete,a4485d2e-56db-4da8-9373-3478d95254fa,2024-09-11T16:18:05.028073+00:00,basic
s1s4,26,Hand hygiene,start,20906e47-d40b-45f2-a65b-173dbb8f6431,2024-09-11T16:18:08.513943+00:00,basic
s1s4,27,Hand hygiene,complete,20906e47-d40b-45f2-a65b-173dbb8f6431,2024-09-11T16:18:25.708659+00:00,basic
s1s4,28,Donor check-out,start,339b2376-8b7e-42e2-9f97-318155e799b4,2024-09-11T16:18:27.728976+00:00,basic
s1s4,29,Donor check-out,complete,339b2376-8b7e-42e2-9f97-318155e799b4,2024-09-11T16:18:28.163156+00:00,basic
s1s4,30,Take out samples,start,baa31a27-fcb4-4cc7-8247-d7fa5eda96c7,2024-09-11T16:18:31.686700+00:00,basic
s1s4,31,Take out samples,complete,baa31a27-fcb4-4cc7-8247-d7fa5eda96c7,2024-09-11T16:18:38.738495+00:00,basic
s1s4,32,Hand hygiene,start,20906e47-d40b-45f2-a65b-173dbb8f6431,2024-09-11T16:18:41.589036+00:00,basic
s1s4,33,Hand hygiene,complete,20906e47-d40b-45f2-a65b-173dbb8f6431,2024-09-11T16:18:51.134105+00:00,basic
s1s4,34,HCW check-out,start,7a41d5ac-378f-4141-bcd0-d1268b27d4d6,2024-09-11T16:18:52.814758+00:00,basic
s1s4,35,HCW check-out,complete,7a41d5ac-378f-4141-bcd0-d1268b27d4d6,2024-09-11T16:18:58.137859+00:00,basic
s1s5,0,Donor check-in,start,a67d69be-d371-4f70-87fe-f5c999f44de1,2024-09-11T16:21:14.076310+00:00,basic
s1s5,1,Donor check-in,complete,a67d69be-d371-4f70-87fe-f5c999f44de1,2024-09-11T16:21:17.135011+00:00,basic
s1s5,2,HCW check-in,start,a9b06dd5-14e3-4d3a-8612-9a7beb988e3b,2024-09-11T16:21:19.659436+00:00,basic
s1s5,3,HCW check-in,complete,a9b06dd5-14e3-4d3a-8612-9a7beb988e3b,2024-09-11T16:21:28.802038+00:00,basic
s1s5,4,Hand hygiene,start,20906e47-d40b-45f2-a65b-173dbb8f6431,2024-09-11T16:21:31.898305+00:00,basic
s1s5,5,Hand hygiene,complete,20906e47-d40b-45f2-a65b-173dbb8f6431,2024-09-11T16:21:43.090197+00:00,basic
s1s5,6,Check blood drawing machine,start,9d37ae30-3455-4566-83dd-5cf6e7d3bcf5,2024-09-11T16:21:44.495760+00:00,basic
s1s5,7,Check blood drawing machine,complete,9d37ae30-3455-4566-83dd-5cf6e7d3bcf5,2024-09-11T16:21:50.781927+00:00,basic
s1s5,8,Apply tourniquet,start,3f560d09-c0b4-4b21-803b-c7d53483c86c,2024-09-11T16:21:52.979481+00:00,basic
s1s5,9,Apply tourniquet,complete,3f560d09-c0b4-4b21-803b-c7d53483c86c,2024-09-11T16:22:01.938633+00:00,basic
s1s5,10,Hand hygiene,start,20906e47-d40b-45f2-a65b-173dbb8f6431,2024-09-11T16:22:04.598678+00:00,basic
s1s5,11,Hand hygiene,complete,20906e47-d40b-45f2-a65b-173dbb8f6431,2024-09-11T16:22:23.797911+00:00,basic
s1s5,12,Disinfect injection site,start,584e55d1-6d29-4755-8157-8425e350d58f,2024-09-11T16:22:26.891027+00:00,basic
s1s5,13,Disinfect injection site,complete,584e55d1-6d29-4755-8157-8425e350d58f,2024-09-11T16:22:47.324893+00:00,basic
s1s5,14,Insert needle,start,ec51e296-e89b-4f04-9269-eba290522620,2024-09-11T16:22:49.290873+00:00,basic
s1s5,15,Insert needle,complete,ec51e296-e89b-4f04-9269-eba290522620,2024-09-11T16:23:07.566052+00:00,basic
s1s5,16,Remove tourniquet,start,458e722f-09a4-44ab-ad01-ad9776af9ea6,2024-09-11T16:23:08.992632+00:00,basic
s1s5,17,Remove tourniquet,complete,458e722f-09a4-44ab-ad01-ad9776af9ea6,2024-09-11T16:23:17.412620+00:00,basic
s1s5,18,Start blood drawing machine,start,7b49baac-e486-4043-8a77-e615b77fa894,2024-09-11T16:23:22.719282+00:00,basic
s1s5,19,Start blood drawing machine,complete,7b49baac-e486-4043-8a77-e615b77fa894,2024-09-11T16:23:28.451731+00:00,basic
s1s5,20,Monitor patient,start,0e7ff5d4-31da-4d90-a342-6e05fc718c1d,2024-09-11T16:23:36.486296+00:00,basic
s1s5,21,Monitor patient,complete,0e7ff5d4-31da-4d90-a342-6e05fc718c1d,2024-09-11T16:23:48.195303+00:00,basic
s1s5,22,Stop blood drawing machine,start,3f266752-410a-4b3b-98a2-1d6982092cc1,2024-09-11T16:23:52.422414+00:00,basic
s1s5,23,Stop blood drawing machine,complete,3f266752-410a-4b3b-98a2-1d6982092cc1,2024-09-11T16:23:57.063241+00:00,basic
s1s5,24,Remove needle,start,a4485d2e-56db-4da8-9373-3478d95254fa,2024-09-11T16:24:01.205095+00:00,basic
s1s5,25,Remove needle,complete,a4485d2e-56db-4da8-9373-3478d95254fa,2024-09-11T16:24:14.443316+00:00,basic
s1s5,26,Hand hygiene,start,20906e47-d40b-45f2-a65b-173dbb8f6431,2024-09-11T16:24:18.166094+00:00,basic
s1s5,27,Hand hygiene,complete,20906e47-d40b-45f2-a65b-173dbb8f6431,2024-09-11T16:24:35.923117+00:00,basic
s1s5,28,Donor check-out,start,339b2376-8b7e-42e2-9f97-318155e799b4,2024-09-11T16:24:40.417232+00:00,basic
s1s5,29,Donor check-out,complete,339b2376-8b7e-42e2-9f97-318155e799b4,2024-09-11T16:24:43.215300+00:00,basic
s1s5,30,Take out samples,start,baa31a27-fcb4-4cc7-8247-d7fa5eda96c7,2024-09-11T16:24:51.714906+00:00,basic
s1s5,31,Take out samples,complete,baa31a27-fcb4-4cc7-8247-d7fa5eda96c7,2024-09-11T16:24:56.392156+00:00,basic
s1s5,32,Hand hygiene,start,20906e47-d40b-45f2-a65b-173dbb8f6431,2024-09-11T16:24:59.945982+00:00,basic
s1s5,33,Hand hygiene,complete,20906e47-d40b-45f2-a65b-173dbb8f6431,2024-09-11T16:25:06.727942+00:00,basic
s1s5,34,HCW check-out,start,7a41d5ac-378f-4141-bcd0-d1268b27d4d6,2024-09-11T16:25:10.605932+00:00,basic
s1s5,35,HCW check-out,complete,7a41d5ac-378f-4141-bcd0-d1268b27d4d6,2024-09-11T16:25:14.799346+00:00,basic
s1s6,0,Donor check-in,start,a67d69be-d371-4f70-87fe-f5c999f44de1,2024-09-11T16:27:03.915791+00:00,basic
s1s6,1,Donor check-in,complete,a67d69be-d371-4f70-87fe-f5c999f44de1,2024-09-11T16:27:06.671846+00:00,basic
s1s6,2,HCW check-in,start,a9b06dd5-14e3-4d3a-8612-9a7beb988e3b,2024-09-11T16:27:07.518590+00:00,basic
s1s6,3,HCW check-in,complete,a9b06dd5-14e3-4d3a-8612-9a7beb988e3b,2024-09-11T16:27:10.878223+00:00,basic
s1s6,4,Hand hygiene,start,20906e47-d40b-45f2-a65b-173dbb8f6431,2024-09-11T16:27:13.438417+00:00,basic
s1s6,5,Hand hygiene,complete,20906e47-d40b-45f2-a65b-173dbb8f6431,2024-09-11T16:27:28.043609+00:00,basic
s1s6,6,Check blood drawing machine,start,9d37ae30-3455-4566-83dd-5cf6e7d3bcf5,2024-09-11T16:27:28.759087+00:00,basic
s1s6,7,Check blood drawing machine,complete,9d37ae30-3455-4566-83dd-5cf6e7d3bcf5,2024-09-11T16:27:33.350176+00:00,basic
s1s6,8,Apply tourniquet,start,3f560d09-c0b4-4b21-803b-c7d53483c86c,2024-09-11T16:27:34.330547+00:00,basic
s1s6,9,Apply tourniquet,complete,3f560d09-c0b4-4b21-803b-c7d53483c86c,2024-09-11T16:27:38.955853+00:00,basic
s1s6,10,Hand hygiene,start,20906e47-d40b-45f2-a65b-173dbb8f6431,2024-09-11T16:27:42.839810+00:00,basic
s1s6,11,Hand hygiene,complete,20906e47-d40b-45f2-a65b-173dbb8f6431,2024-09-11T16:28:23.301325+00:00,basic
s1s6,12,Disinfect injection site,start,584e55d1-6d29-4755-8157-8425e350d58f,2024-09-11T16:28:24.512852+00:00,basic
s1s6,13,Disinfect injection site,complete,584e55d1-6d29-4755-8157-8425e350d58f,2024-09-11T16:28:36.153051+00:00,basic
s1s6,14,Insert needle,start,ec51e296-e89b-4f04-9269-eba290522620,2024-09-11T16:28:38.399205+00:00,basic
s1s6,15,Insert needle,complete,ec51e296-e89b-4f04-9269-eba290522620,2024-09-11T16:28:46.642612+00:00,basic
s1s6,16,Remove tourniquet,start,458e722f-09a4-44ab-ad01-ad9776af9ea6,2024-09-11T16:28:50.668120+00:00,basic
s1s6,17,Remove tourniquet,complete,458e722f-09a4-44ab-ad01-ad9776af9ea6,2024-09-11T16:28:54.846464+00:00,basic
s1s6,18,Start blood drawing machine,start,7b49baac-e486-4043-8a77-e615b77fa894,2024-09-11T16:28:58.917073+00:00,basic
s1s6,19,Start blood drawing machine,complete,7b49baac-e486-4043-8a77-e615b77fa894,2024-09-11T16:29:02.255621+00:00,basic
s1s6,20,Monitor patient,start,0e7ff5d4-31da-4d90-a342-6e05fc718c1d,2024-09-11T16:29:04.544093+00:00,basic
s1s6,21,Monitor patient,complete,0e7ff5d4-31da-4d90-a342-6e05fc718c1d,2024-09-11T16:29:12.103504+00:00,basic
s1s6,22,Stop blood drawing machine,start,3f266752-410a-4b3b-98a2-1d6982092cc1,2024-09-11T16:29:13.706901+00:00,basic
s1s6,23,Stop blood drawing machine,complete,3f266752-410a-4b3b-98a2-1d6982092cc1,2024-09-11T16:29:17.150632+00:00,basic
s1s6,24,Remove needle,start,a4485d2e-56db-4da8-9373-3478d95254fa,2024-09-11T16:29:18.608582+00:00,basic
s1s6,25,Remove needle,complete,a4485d2e-56db-4da8-9373-3478d95254fa,2024-09-11T16:29:30.101695+00:00,basic
s1s6,26,Hand hygiene,start,20906e47-d40b-45f2-a65b-173dbb8f6431,2024-09-11T16:29:31.783187+00:00,basic
s1s6,27,Hand hygiene,complete,20906e47-d40b-45f2-a65b-173dbb8f6431,2024-09-11T16:29:48.176438+00:00,basic
s1s6,28,Donor check-out,start,339b2376-8b7e-42e2-9f97-318155e799b4,2024-09-11T16:29:50.987416+00:00,basic
s1s6,29,Donor check-out,complete,339b2376-8b7e-42e2-9f97-318155e799b4,2024-09-11T16:29:54.186218+00:00,basic
s1s6,30,Take out samples,start,baa31a27-fcb4-4cc7-8247-d7fa5eda96c7,2024-09-11T16:29:57.077301+00:00,basic
s1s6,31,Take out samples,complete,baa31a27-fcb4-4cc7-8247-d7fa5eda96c7,2024-09-11T16:30:04.837602+00:00,basic
s1s6,32,Hand hygiene,start,20906e47-d40b-45f2-a65b-173dbb8f6431,2024-09-11T16:30:06.593528+00:00,basic
s1s6,33,Hand hygiene,complete,20906e47-d40b-45f2-a65b-173dbb8f6431,2024-09-11T16:30:16.148784+00:00,basic
s1s6,34,HCW check-out,start,7a41d5ac-378f-4141-bcd0-d1268b27d4d6,2024-09-11T16:30:17.298627+00:00,basic
s1s6,35,HCW check-out,complete,7a41d5ac-378f-4141-bcd0-d1268b27d4d6,2024-09-11T16:30:21.008500+00:00,basic
s1s7,0,Donor check-in,start,a67d69be-d371-4f70-87fe-f5c999f44de1,2024-09-11T16:32:20.380903+00:00,basic
s1s7,1,Donor check-in,complete,a67d69be-d371-4f70-87fe-f5c999f44de1,2024-09-11T16:32:22.983342+00:00,basic
s1s7,2,HCW check-in,start,a9b06dd5-14e3-4d3a-8612-9a7beb988e3b,2024-09-11T16:32:30.066286+00:00,basic
s1s7,3,HCW check-in,complete,a9b06dd5-14e3-4d3a-8612-9a7beb988e3b,2024-09-11T16:32:32.675056+00:00,basic
s1s7,4,Hand hygiene,start,20906e47-d40b-45f2-a65b-173dbb8f6431,2024-09-11T16:32:35.340945+00:00,basic
s1s7,5,Hand hygiene,complete,20906e47-d40b-45f2-a65b-173dbb8f6431,2024-09-11T16:32:46.000446+00:00,basic
s1s7,6,Check blood drawing machine,start,9d37ae30-3455-4566-83dd-5cf6e7d3bcf5,2024-09-11T16:32:49.251927+00:00,basic
s1s7,7,Check blood drawing machine,complete,9d37ae30-3455-4566-83dd-5cf6e7d3bcf5,2024-09-11T16:32:54.571220+00:00,basic
s1s7,8,Apply tourniquet,start,3f560d09-c0b4-4b21-803b-c7d53483c86c,2024-09-11T16:33:00.043508+00:00,basic
s1s7,9,Apply tourniquet,complete,3f560d09-c0b4-4b21-803b-c7d53483c86c,2024-09-11T16:33:09.393570+00:00,basic
s1s7,10,Hand hygiene,start,20906e47-d40b-45f2-a65b-173dbb8f6431,2024-09-11T16:33:11.121107+00:00,basic
s1s7,11,Hand hygiene,complete,20906e47-d40b-45f2-a65b-173dbb8f6431,2024-09-11T16:33:50.549243+00:00,basic
s1s7,12,Disinfect injection site,start,584e55d1-6d29-4755-8157-8425e350d58f,2024-09-11T16:33:53.398773+00:00,basic
s1s7,13,Disinfect injection site,complete,584e55d1-6d29-4755-8157-8425e350d58f,2024-09-11T16:34:06.665869+00:00,basic
s1s7,14,Insert needle,start,ec51e296-e89b-4f04-9269-eba290522620,2024-09-11T16:34:11.183916+00:00,basic
s1s7,15,Insert needle,complete,ec51e296-e89b-4f04-9269-eba290522620,2024-09-11T16:34:20.239150+00:00,basic
s1s7,16,Remove tourniquet,start,458e722f-09a4-44ab-ad01-ad9776af9ea6,2024-09-11T16:34:22.339051+00:00,basic
s1s7,17,Remove tourniquet,complete,458e722f-09a4-44ab-ad01-ad9776af9ea6,2024-09-11T16:34:27.284710+00:00,basic
s1s7,18,Start blood drawing machine,start,7b49baac-e486-4043-8a77-e615b77fa894,2024-09-11T16:34:32.141121+00:00,basic
s1s7,19,Start blood drawing machine,complete,7b49baac-e486-4043-8a77-e615b77fa894,2024-09-11T16:34:34.033250+00:00,basic
s1s7,20,Monitor patient,start,0e7ff5d4-31da-4d90-a342-6e05fc718c1d,2024-09-11T16:34:36.138356+00:00,basic
s1s7,21,Monitor patient,complete,0e7ff5d4-31da-4d90-a342-6e05fc718c1d,2024-09-11T16:34:42.059150+00:00,basic
s1s7,22,Stop blood drawing machine,start,3f266752-410a-4b3b-98a2-1d6982092cc1,2024-09-11T16:34:47.307154+00:00,basic
s1s7,23,Stop blood drawing machine,complete,3f266752-410a-4b3b-98a2-1d6982092cc1,2024-09-11T16:34:49.373045+00:00,basic
s1s7,24,Remove needle,start,a4485d2e-56db-4da8-9373-3478d95254fa,2024-09-11T16:34:51.207971+00:00,basic
s1s7,25,Remove needle,complete,a4485d2e-56db-4da8-9373-3478d95254fa,2024-09-11T16:34:59.881000+00:00,basic
s1s7,26,Hand hygiene,start,20906e47-d40b-45f2-a65b-173dbb8f6431,2024-09-11T16:35:05.330334+00:00,basic
s1s7,27,Hand hygiene,complete,20906e47-d40b-45f2-a65b-173dbb8f6431,2024-09-11T16:35:23.118431+00:00,basic
s1s7,28,Donor check-out,start,339b2376-8b7e-42e2-9f97-318155e799b4,2024-09-11T16:35:25.213037+00:00,basic
s1s7,29,Donor check-out,complete,339b2376-8b7e-42e2-9f97-318155e799b4,2024-09-11T16:35:26.907761+00:00,basic
s1s7,30,Take out samples,start,baa31a27-fcb4-4cc7-8247-d7fa5eda96c7,2024-09-11T16:35:30.521067+00:00,basic
s1s7,31,Take out samples,complete,baa31a27-fcb4-4cc7-8247-d7fa5eda96c7,2024-09-11T16:35:36.723504+00:00,basic
s1s7,32,Hand hygiene,start,20906e47-d40b-45f2-a65b-173dbb8f6431,2024-09-11T16:35:40.088922+00:00,basic
s1s7,33,Hand hygiene,complete,20906e47-d40b-45f2-a65b-173dbb8f6431,2024-09-11T16:35:44.487809+00:00,basic
s1s7,34,HCW check-out,start,7a41d5ac-378f-4141-bcd0-d1268b27d4d6,2024-09-11T16:35:47.296718+00:00,basic
s1s7,35,HCW check-out,complete,7a41d5ac-378f-4141-bcd0-d1268b27d4d6,2024-09-11T16:35:50.530325+00:00,basic
s1s8,0,Donor check-in,start,a67d69be-d371-4f70-87fe-f5c999f44de1,2024-09-11T16:38:08.551202+00:00,basic
s1s8,1,Donor check-in,complete,a67d69be-d371-4f70-87fe-f5c999f44de1,2024-09-11T16:38:11.496524+00:00,basic
s1s8,2,HCW check-in,start,a9b06dd5-14e3-4d3a-8612-9a7beb988e3b,2024-09-11T16:38:16.214105+00:00,basic
s1s8,3,HCW check-in,complete,a9b06dd5-14e3-4d3a-8612-9a7beb988e3b,2024-09-11T16:38:21.279631+00:00,basic
s1s8,4,Hand hygiene,start,20906e47-d40b-45f2-a65b-173dbb8f6431,2024-09-11T16:38:25.135656+00:00,basic
s1s8,5,Hand hygiene,complete,20906e47-d40b-45f2-a65b-173dbb8f6431,2024-09-11T16:38:39.315957+00:00,basic
s1s8,6,Check blood drawing machine,start,9d37ae30-3455-4566-83dd-5cf6e7d3bcf5,2024-09-11T16:38:41.806760+00:00,basic
s1s8,7,Check blood drawing machine,complete,9d37ae30-3455-4566-83dd-5cf6e7d3bcf5,2024-09-11T16:38:47.196321+00:00,basic
s1s8,8,Apply tourniquet,start,3f560d09-c0b4-4b21-803b-c7d53483c86c,2024-09-11T16:38:49.653041+00:00,basic
s1s8,9,Apply tourniquet,complete,3f560d09-c0b4-4b21-803b-c7d53483c86c,2024-09-11T16:38:57.085894+00:00,basic
s1s8,10,Hand hygiene,start,20906e47-d40b-45f2-a65b-173dbb8f6431,2024-09-11T16:39:00.795022+00:00,basic
s1s8,11,Hand hygiene,complete,20906e47-d40b-45f2-a65b-173dbb8f6431,2024-09-11T16:39:41.190521+00:00,basic
s1s8,12,Disinfect injection site,start,584e55d1-6d29-4755-8157-8425e350d58f,2024-09-11T16:39:48.387133+00:00,basic
s1s8,13,Disinfect injection site,complete,584e55d1-6d29-4755-8157-8425e350d58f,2024-09-11T16:40:04.947962+00:00,basic
s1s8,14,Insert needle,start,ec51e296-e89b-4f04-9269-eba290522620,2024-09-11T16:40:10.041043+00:00,basic
s1s8,15,Insert needle,complete,ec51e296-e89b-4f04-9269-eba290522620,2024-09-11T16:40:20.442663+00:00,basic
s1s8,16,Remove tourniquet,start,458e722f-09a4-44ab-ad01-ad9776af9ea6,2024-09-11T16:40:24.021091+00:00,basic
s1s8,17,Remove tourniquet,complete,458e722f-09a4-44ab-ad01-ad9776af9ea6,2024-09-11T16:40:28.703457+00:00,basic
s1s8,18,Start blood drawing machine,start,7b49baac-e486-4043-8a77-e615b77fa894,2024-09-11T16:40:31.937506+00:00,basic
s1s8,19,Start blood drawing machine,complete,7b49baac-e486-4043-8a77-e615b77fa894,2024-09-11T16:40:36.160118+00:00,basic
s1s8,20,Monitor patient,start,0e7ff5d4-31da-4d90-a342-6e05fc718c1d,2024-09-11T16:40:38.966192+00:00,basic
s1s8,21,Monitor patient,complete,0e7ff5d4-31da-4d90-a342-6e05fc718c1d,2024-09-11T16:40:47.407954+00:00,basic
s1s8,22,Stop blood drawing machine,start,3f266752-410a-4b3b-98a2-1d6982092cc1,2024-09-11T16:40:53.967788+00:00,basic
s1s8,23,Stop blood drawing machine,complete,3f266752-410a-4b3b-98a2-1d6982092cc1,2024-09-11T16:40:58.182416+00:00,basic
s1s8,24,Remove needle,start,a4485d2e-56db-4da8-9373-3478d95254fa,2024-09-11T16:41:02.250043+00:00,basic
s1s8,25,Remove needle,complete,a4485d2e-56db-4da8-9373-3478d95254fa,2024-09-11T16:41:14.657146+00:00,basic
s1s8,26,Hand hygiene,start,20906e47-d40b-45f2-a65b-173dbb8f6431,2024-09-11T16:41:18.791562+00:00,basic
s1s8,27,Hand hygiene,complete,20906e47-d40b-45f2-a65b-173dbb8f6431,2024-09-11T16:41:37.104938+00:00,basic
s1s8,28,Donor check-out,start,339b2376-8b7e-42e2-9f97-318155e799b4,2024-09-11T16:41:39.563411+00:00,basic
s1s8,29,Donor check-out,complete,339b2376-8b7e-42e2-9f97-318155e799b4,2024-09-11T16:41:41.732625+00:00,basic
s1s8,30,Take out samples,start,baa31a27-fcb4-4cc7-8247-d7fa5eda96c7,2024-09-11T16:41:43.602798+00:00,basic
s1s8,31,Take out samples,complete,baa31a27-fcb4-4cc7-8247-d7fa5eda96c7,2024-09-11T16:41:56.364803+00:00,basic
s1s8,32,Hand hygiene,start,20906e47-d40b-45f2-a65b-173dbb8f6431,2024-09-11T16:42:01.540884+00:00,basic
s1s8,33,Hand hygiene,complete,20906e47-d40b-45f2-a65b-173dbb8f6431,2024-09-11T16:42:11.850131+00:00,basic
s1s8,34,HCW check-out,start,7a41d5ac-378f-4141-bcd0-d1268b27d4d6,2024-09-11T16:42:12.706748+00:00,basic
s1s8,35,HCW check-out,complete,7a41d5ac-378f-4141-bcd0-d1268b27d4d6,2024-09-11T16:42:16.739227+00:00,basic
s2s1,0,Donor check-in,start,269680b3-2dae-4f91-a76e-eafd8ad3b308,2024-09-12T10:51:22.745532+00:00,basic
s2s1,1,Donor check-in,complete,269680b3-2dae-4f91-a76e-eafd8ad3b308,2024-09-12T10:51:25.428947+00:00,basic
s2s1,2,HCW check-in,start,248d8dc6-a01c-4767-9851-8222b00a9ebe,2024-09-12T10:51:29.971006+00:00,basic
s2s1,3,HCW check-in,complete,248d8dc6-a01c-4767-9851-8222b00a9ebe,2024-09-12T10:51:34.302697+00:00,basic
s2s1,4,Hand hygiene,start,f6f8523b-e71d-4de6-afd2-867549e70093,2024-09-12T10:51:35.331346+00:00,basic
s2s1,5,Hand hygiene,complete,f6f8523b-e71d-4de6-afd2-867549e70093,2024-09-12T10:51:52.757602+00:00,basic
s2s1,6,Check blood drawing machine,start,484852f6-c36e-48c4-9eae-4ae2f7b86a1c,2024-09-12T10:51:53.663551+00:00,basic
s2s1,7,Check blood drawing machine,complete,484852f6-c36e-48c4-9eae-4ae2f7b86a1c,2024-09-12T10:51:57.974912+00:00,basic
s2s1,8,Apply tourniquet,start,8a58b3fd-0cdf-4b06-8e17-f2ef9142e16b,2024-09-12T10:52:01.295783+00:00,basic
s2s1,9,Apply tourniquet,complete,8a58b3fd-0cdf-4b06-8e17-f2ef9142e16b,2024-09-12T10:52:08.956604+00:00,basic
s2s1,10,Hand hygiene,start,f6f8523b-e71d-4de6-afd2-867549e70093,2024-09-12T10:52:11.446873+00:00,basic
s2s1,11,Hand hygiene,complete,f6f8523b-e71d-4de6-afd2-867549e70093,2024-09-12T10:52:58.850210+00:00,basic
s2s1,12,Disinfect injection site,start,97b32de9-4c1b-4b6d-b3a4-6ed49f157ac4,2024-09-12T10:53:00.194517+00:00,basic
s2s1,13,Disinfect injection site,complete,97b32de9-4c1b-4b6d-b3a4-6ed49f157ac4,2024-09-12T10:53:14.595339+00:00,basic
s2s1,14,Insert needle,start,9e42df93-d555-46a8-a703-3376bc2817e6,2024-09-12T10:53:16.614463+00:00,basic
s2s1,15,Insert needle,complete,9e42df93-d555-46a8-a703-3376bc2817e6,2024-09-12T10:53:27.450419+00:00,basic
s2s1,16,Remove tourniquet,start,9fb65755-bb79-4e26-933d-ad62c44b49d3,2024-09-12T10:53:28.703448+00:00,basic
s2s1,17,Remove tourniquet,complete,9fb65755-bb79-4e26-933d-ad62c44b49d3,2024-09-12T10:53:39.105131+00:00,basic
s2s1,18,Start blood drawing machine,start,24c9a19d-f863-4763-9817-9936acc119fe,2024-09-12T10:53:39.701058+00:00,basic
s2s1,19,Start blood drawing machine,complete,24c9a19d-f863-4763-9817-9936acc119fe,2024-09-12T10:53:42.865970+00:00,basic
s2s1,20,Monitor patient,start,75932625-5d1f-45ef-9f2f-04e9706e0e81,2024-09-12T10:53:43.936769+00:00,basic
s2s1,21,Monitor patient,complete,75932625-5d1f-45ef-9f2f-04e9706e0e81,2024-09-12T10:53:57.391046+00:00,basic
s2s1,22,Stop blood drawing machine,start,bfcf39d5-a75f-488b-affa-02fa338b518e,2024-09-12T10:54:00.331436+00:00,basic
s2s1,23,Stop blood drawing machine,complete,bfcf39d5-a75f-488b-affa-02fa338b518e,2024-09-12T10:54:04.314822+00:00,basic
s2s1,24,Remove needle,start,1967f1c5-ad9f-49ad-bdbb-7bc9b0340ac2,2024-09-12T10:54:05.991389+00:00,basic
s2s1,25,Remove needle,complete,1967f1c5-ad9f-49ad-bdbb-7bc9b0340ac2,2024-09-12T10:54:26.274445+00:00,basic
s2s1,26,Hand hygiene,start,f6f8523b-e71d-4de6-afd2-867549e70093,2024-09-12T10:54:29.414721+00:00,basic
s2s1,27,Hand hygiene,complete,f6f8523b-e71d-4de6-afd2-867549e70093,2024-09-12T10:54:55.637312+00:00,basic
s2s1,28,Donor check-out,start,6ee234a6-ea2f-4631-90c3-2faadc2a0057,2024-09-12T10:54:56.448833+00:00,basic
s2s1,29,Donor check-out,complete,6ee234a6-ea2f-4631-90c3-2faadc2a0057,2024-09-12T10:54:58.735929+00:00,basic
s2s1,30,Take out samples,start,a01a6120-7ee2-4632-9f16-e67c5997236f,2024-09-12T10:55:02.286233+00:00,basic
s2s1,31,Take out samples,complete,a01a6120-7ee2-4632-9f16-e67c5997236f,2024-09-12T10:55:12.576517+00:00,basic
s2s1,32,Hand hygiene,start,f6f8523b-e71d-4de6-afd2-867549e70093,2024-09-12T10:55:13.783363+00:00,basic
s2s1,33,Hand hygiene,complete,f6f8523b-e71d-4de6-afd2-867549e70093,2024-09-12T10:55:37.393984+00:00,basic
s2s1,34,HCW check-out,start,c45c11cb-4190-4a2a-bd45-43489b3082dc,2024-09-12T10:55:38.269133+00:00,basic
s2s1,35,HCW check-out,complete,c45c11cb-4190-4a2a-bd45-43489b3082dc,2024-09-12T10:55:40.724938+00:00,basic
s2s2,0,Donor check-in,start,269680b3-2dae-4f91-a76e-eafd8ad3b308,2024-09-12T10:57:44.415329+00:00,basic
s2s2,1,Donor check-in,complete,269680b3-2dae-4f91-a76e-eafd8ad3b308,2024-09-12T10:57:46.729860+00:00,basic
s2s2,2,HCW check-in,start,248d8dc6-a01c-4767-9851-8222b00a9ebe,2024-09-12T10:57:51.466513+00:00,basic
s2s2,3,HCW check-in,complete,248d8dc6-a01c-4767-9851-8222b00a9ebe,2024-09-12T10:57:55.782658+00:00,basic
s2s2,4,Hand hygiene,start,f6f8523b-e71d-4de6-afd2-867549e70093,2024-09-12T10:57:58.029712+00:00,basic
s2s2,5,Hand hygiene,complete,f6f8523b-e71d-4de6-afd2-867549e70093,2024-09-12T10:58:11.312994+00:00,basic
s2s2,6,Check blood drawing machine,start,484852f6-c36e-48c4-9eae-4ae2f7b86a1c,2024-09-12T10:58:12.223833+00:00,basic
s2s2,7,Check blood drawing machine,complete,484852f6-c36e-48c4-9eae-4ae2f7b86a1c,2024-09-12T10:58:15.201144+00:00,basic
s2s2,8,Apply tourniquet,start,8a58b3fd-0cdf-4b06-8e17-f2ef9142e16b,2024-09-12T10:58:16.738506+00:00,basic
s2s2,9,Apply tourniquet,complete,8a58b3fd-0cdf-4b06-8e17-f2ef9142e16b,2024-09-12T10:58:23.070760+00:00,basic
s2s2,10,Hand hygiene,start,f6f8523b-e71d-4de6-afd2-867549e70093,2024-09-12T10:58:26.496973+00:00,basic
s2s2,11,Hand hygiene,complete,f6f8523b-e71d-4de6-afd2-867549e70093,2024-09-12T10:59:05.416915+00:00,basic
s2s2,12,Disinfect injection site,start,97b32de9-4c1b-4b6d-b3a4-6ed49f157ac4,2024-09-12T10:59:06.025591+00:00,basic
s2s2,13,Disinfect injection site,complete,97b32de9-4c1b-4b6d-b3a4-6ed49f157ac4,2024-09-12T10:59:18.416875+00:00,basic
s2s2,14,Insert needle,start,9e42df93-d555-46a8-a703-3376bc2817e6,2024-09-12T10:59:20.169946+00:00,basic
s2s2,15,Insert needle,complete,9e42df93-d555-46a8-a703-3376bc2817e6,2024-09-12T10:59:29.117583+00:00,basic
s2s2,16,Remove tourniquet,start,9fb65755-bb79-4e26-933d-ad62c44b49d3,2024-09-12T10:59:30.084407+00:00,basic
s2s2,17,Remove tourniquet,complete,9fb65755-bb79-4e26-933d-ad62c44b49d3,2024-09-12T10:59:33.364316+00:00,basic
s2s2,18,Start blood drawing machine,start,24c9a19d-f863-4763-9817-9936acc119fe,2024-09-12T10:59:36.256223+00:00,basic
s2s2,19,Start blood drawing machine,complete,24c9a19d-f863-4763-9817-9936acc119fe,2024-09-12T10:59:40.422434+00:00,basic
s2s2,20,Monitor patient,start,75932625-5d1f-45ef-9f2f-04e9706e0e81,2024-09-12T10:59:43.467190+00:00,basic
s2s2,21,Monitor patient,complete,75932625-5d1f-45ef-9f2f-04e9706e0e81,2024-09-12T10:59:49.976774+00:00,basic
s2s2,22,Stop blood drawing machine,start,bfcf39d5-a75f-488b-affa-02fa338b518e,2024-09-12T10:59:53.635798+00:00,basic
s2s2,23,Stop blood drawing machine,complete,bfcf39d5-a75f-488b-affa-02fa338b518e,2024-09-12T10:59:54.971289+00:00,basic
s2s2,24,Remove needle,start,1967f1c5-ad9f-49ad-bdbb-7bc9b0340ac2,2024-09-12T10:59:57.807223+00:00,basic
s2s2,25,Remove needle,complete,1967f1c5-ad9f-49ad-bdbb-7bc9b0340ac2,2024-09-12T11:00:11.106017+00:00,basic
s2s2,26,Hand hygiene,start,f6f8523b-e71d-4de6-afd2-867549e70093,2024-09-12T11:00:16.107454+00:00,basic
s2s2,27,Hand hygiene,complete,f6f8523b-e71d-4de6-afd2-867549e70093,2024-09-12T11:00:37.548621+00:00,basic
s2s2,28,Donor check-out,start,6ee234a6-ea2f-4631-90c3-2faadc2a0057,2024-09-12T11:00:38.776477+00:00,basic
s2s2,29,Donor check-out,complete,6ee234a6-ea2f-4631-90c3-2faadc2a0057,2024-09-12T11:00:41.080512+00:00,basic
s2s2,30,Take out samples,start,a01a6120-7ee2-4632-9f16-e67c5997236f,2024-09-12T11:00:45.365376+00:00,basic
s2s2,31,Take out samples,complete,a01a6120-7ee2-4632-9f16-e67c5997236f,2024-09-12T11:00:52.670482+00:00,basic
s2s2,32,Hand hygiene,start,f6f8523b-e71d-4de6-afd2-867549e70093,2024-09-12T11:00:57.369374+00:00,basic
s2s2,33,Hand hygiene,complete,f6f8523b-e71d-4de6-afd2-867549e70093,2024-09-12T11:01:06.044761+00:00,basic
s2s2,34,HCW check-out,start,c45c11cb-4190-4a2a-bd45-43489b3082dc,2024-09-12T11:01:07.159636+00:00,basic
s2s2,35,HCW check-out,complete,c45c11cb-4190-4a2a-bd45-43489b3082dc,2024-09-12T11:01:10.026794+00:00,basic
s2s3,0,Donor check-in,start,269680b3-2dae-4f91-a76e-eafd8ad3b308,2024-09-12T11:03:16.245833+00:00,basic
s2s3,1,Donor check-in,complete,269680b3-2dae-4f91-a76e-eafd8ad3b308,2024-09-12T11:03:18.774031+00:00,basic
s2s3,2,HCW check-in,start,248d8dc6-a01c-4767-9851-8222b00a9ebe,2024-09-12T11:03:22.130187+00:00,basic
s2s3,3,HCW check-in,complete,248d8dc6-a01c-4767-9851-8222b00a9ebe,2024-09-12T11:03:26.567692+00:00,basic
s2s3,4,Hand hygiene,start,f6f8523b-e71d-4de6-afd2-867549e70093,2024-09-12T11:03:27.803175+00:00,basic
s2s3,5,Hand hygiene,complete,f6f8523b-e71d-4de6-afd2-867549e70093,2024-09-12T11:03:39.834245+00:00,basic
s2s3,6,Check blood drawing machine,start,484852f6-c36e-48c4-9eae-4ae2f7b86a1c,2024-09-12T11:03:41.358950+00:00,basic
s2s3,7,Check blood drawing machine,complete,484852f6-c36e-48c4-9eae-4ae2f7b86a1c,2024-09-12T11:03:45.771468+00:00,basic
s2s3,8,Apply tourniquet,start,8a58b3fd-0cdf-4b06-8e17-f2ef9142e16b,2024-09-12T11:03:50.708400+00:00,basic
s2s3,9,Apply tourniquet,complete,8a58b3fd-0cdf-4b06-8e17-f2ef9142e16b,2024-09-12T11:03:54.902232+00:00,basic
s2s3,10,Hand hygiene,start,f6f8523b-e71d-4de6-afd2-867549e70093,2024-09-12T11:03:56.228885+00:00,basic
s2s3,11,Hand hygiene,complete,f6f8523b-e71d-4de6-afd2-867549e70093,2024-09-12T11:04:37.406722+00:00,basic
s2s3,12,Disinfect injection site,start,97b32de9-4c1b-4b6d-b3a4-6ed49f157ac4,2024-09-12T11:04:38.085838+00:00,basic
s2s3,13,Disinfect injection site,complete,97b32de9-4c1b-4b6d-b3a4-6ed49f157ac4,2024-09-12T11:04:51.568364+00:00,basic
s2s3,14,Insert needle,start,9e42df93-d555-46a8-a703-3376bc2817e6,2024-09-12T11:04:56.415447+00:00,basic
s2s3,15,Insert needle,complete,9e42df93-d555-46a8-a703-3376bc2817e6,2024-09-12T11:05:06.143978+00:00,basic
s2s3,16,Remove tourniquet,start,9fb65755-bb79-4e26-933d-ad62c44b49d3,2024-09-12T11:05:08.320097+00:00,basic
s2s3,17,Remove tourniquet,complete,9fb65755-bb79-4e26-933d-ad62c44b49d3,2024-09-12T11:05:12.675805+00:00,basic
s2s3,18,Start blood drawing machine,start,24c9a19d-f863-4763-9817-9936acc119fe,2024-09-12T11:05:13.785840+00:00,basic
s2s3,19,Start blood drawing machine,complete,24c9a19d-f863-4763-9817-9936acc119fe,2024-09-12T11:05:22.138437+00:00,basic
s2s3,20,Monitor patient,start,75932625-5d1f-45ef-9f2f-04e9706e0e81,2024-09-12T11:05:25.356231+00:00,basic
s2s3,21,Monitor patient,complete,75932625-5d1f-45ef-9f2f-04e9706e0e81,2024-09-12T11:05:29.522649+00:00,basic
s2s3,22,Stop blood drawing machine,start,bfcf39d5-a75f-488b-affa-02fa338b518e,2024-09-12T11:05:30.976803+00:00,basic
s2s3,23,Stop blood drawing machine,complete,bfcf39d5-a75f-488b-affa-02fa338b518e,2024-09-12T11:05:34.314797+00:00,basic
s2s3,24,Remove needle,start,1967f1c5-ad9f-49ad-bdbb-7bc9b0340ac2,2024-09-12T11:05:36.872720+00:00,basic
s2s3,25,Remove needle,complete,1967f1c5-ad9f-49ad-bdbb-7bc9b0340ac2,2024-09-12T11:05:47.839506+00:00,basic
s2s3,26,Hand hygiene,start,f6f8523b-e71d-4de6-afd2-867549e70093,2024-09-12T11:05:49.716239+00:00,basic
s2s3,27,Hand hygiene,complete,f6f8523b-e71d-4de6-afd2-867549e70093,2024-09-12T11:06:09.200229+00:00,basic
s2s3,28,Donor check-out,start,6ee234a6-ea2f-4631-90c3-2faadc2a0057,2024-09-12T11:06:10.849357+00:00,basic
s2s3,29,Donor check-out,complete,6ee234a6-ea2f-4631-90c3-2faadc2a0057,2024-09-12T11:06:12.647203+00:00,basic
s2s3,30,Take out samples,start,a01a6120-7ee2-4632-9f16-e67c5997236f,2024-09-12T11:06:14.200159+00:00,basic
s2s3,31,Take out samples,complete,a01a6120-7ee2-4632-9f16-e67c5997236f,2024-09-12T11:06:21.810009+00:00,basic
s2s3,32,Hand hygiene,start,f6f8523b-e71d-4de6-afd2-867549e70093,2024-09-12T11:06:23.468007+00:00,basic
s2s3,33,Hand hygiene,complete,f6f8523b-e71d-4de6-afd2-867549e70093,2024-09-12T11:06:34.528421+00:00,basic
s2s3,34,HCW check-out,start,c45c11cb-4190-4a2a-bd45-43489b3082dc,2024-09-12T11:06:35.973472+00:00,basic
s2s3,35,HCW check-out,complete,c45c11cb-4190-4a2a-bd45-43489b3082dc,2024-09-12T11:06:38.082642+00:00,basic
s2s4,0,Donor check-in,start,269680b3-2dae-4f91-a76e-eafd8ad3b308,2024-09-12T11:08:58.141977+00:00,basic
s2s4,1,Donor check-in,complete,269680b3-2dae-4f91-a76e-eafd8ad3b308,2024-09-12T11:08:59.625799+00:00,basic
s2s4,2,HCW check-in,start,248d8dc6-a01c-4767-9851-8222b00a9ebe,2024-09-12T11:09:02.808315+00:00,basic
s2s4,3,HCW check-in,complete,248d8dc6-a01c-4767-9851-8222b00a9ebe,2024-09-12T11:09:04.682167+00:00,basic
s2s4,4,Hand hygiene,start,f6f8523b-e71d-4de6-afd2-867549e70093,2024-09-12T11:09:05.768381+00:00,basic
s2s4,5,Hand hygiene,complete,f6f8523b-e71d-4de6-afd2-867549e70093,2024-09-12T11:09:13.917228+00:00,basic
s2s4,6,Check blood drawing machine,start,484852f6-c36e-48c4-9eae-4ae2f7b86a1c,2024-09-12T11:09:14.739661+00:00,basic
s2s4,7,Check blood drawing machine,complete,484852f6-c36e-48c4-9eae-4ae2f7b86a1c,2024-09-12T11:09:16.360842+00:00,basic
s2s4,8,Apply tourniquet,start,8a58b3fd-0cdf-4b06-8e17-f2ef9142e16b,2024-09-12T11:09:17.752067+00:00,basic
s2s4,9,Apply tourniquet,complete,8a58b3fd-0cdf-4b06-8e17-f2ef9142e16b,2024-09-12T11:09:30.495483+00:00,basic
s2s4,10,Hand hygiene,start,f6f8523b-e71d-4de6-afd2-867549e70093,2024-09-12T11:09:33.783240+00:00,basic
s2s4,11,Hand hygiene,complete,f6f8523b-e71d-4de6-afd2-867549e70093,2024-09-12T11:10:04.201653+00:00,basic
s2s4,12,Disinfect injection site,start,97b32de9-4c1b-4b6d-b3a4-6ed49f157ac4,2024-09-12T11:10:04.699223+00:00,basic
s2s4,13,Disinfect injection site,complete,97b32de9-4c1b-4b6d-b3a4-6ed49f157ac4,2024-09-12T11:10:17.713774+00:00,basic
s2s4,14,Insert needle,start,9e42df93-d555-46a8-a703-3376bc2817e6,2024-09-12T11:10:22.148810+00:00,basic
s2s4,15,Insert needle,complete,9e42df93-d555-46a8-a703-3376bc2817e6,2024-09-12T11:10:40.827502+00:00,basic
s2s4,16,Remove tourniquet,start,9fb65755-bb79-4e26-933d-ad62c44b49d3,2024-09-12T11:10:45.303714+00:00,basic
s2s4,17,Remove tourniquet,complete,9fb65755-bb79-4e26-933d-ad62c44b49d3,2024-09-12T11:10:49.653671+00:00,basic
s2s4,18,Start blood drawing machine,start,24c9a19d-f863-4763-9817-9936acc119fe,2024-09-12T11:10:51.307941+00:00,basic
s2s4,19,Start blood drawing machine,complete,24c9a19d-f863-4763-9817-9936acc119fe,2024-09-12T11:10:54.420140+00:00,basic
s2s4,20,Monitor patient,start,75932625-5d1f-45ef-9f2f-04e9706e0e81,2024-09-12T11:10:56.597311+00:00,basic
s2s4,21,Monitor patient,complete,75932625-5d1f-45ef-9f2f-04e9706e0e81,2024-09-12T11:11:07.005233+00:00,basic
s2s4,22,Stop blood drawing machine,start,bfcf39d5-a75f-488b-affa-02fa338b518e,2024-09-12T11:11:11.439692+00:00,basic
s2s4,23,Stop blood drawing machine,complete,bfcf39d5-a75f-488b-affa-02fa338b518e,2024-09-12T11:11:12.846612+00:00,basic
s2s4,24,Remove needle,start,1967f1c5-ad9f-49ad-bdbb-7bc9b0340ac2,2024-09-12T11:11:13.675025+00:00,basic
s2s4,25,Remove needle,complete,1967f1c5-ad9f-49ad-bdbb-7bc9b0340ac2,2024-09-12T11:11:36.562103+00:00,basic
s2s4,26,Hand hygiene,start,f6f8523b-e71d-4de6-afd2-867549e70093,2024-09-12T11:11:37.487467+00:00,basic
s2s4,27,Hand hygiene,complete,f6f8523b-e71d-4de6-afd2-867549e70093,2024-09-12T11:11:59.462133+00:00,basic
s2s4,28,Donor check-out,start,6ee234a6-ea2f-4631-90c3-2faadc2a0057,2024-09-12T11:12:00.452358+00:00,basic
s2s4,29,Donor check-out,complete,6ee234a6-ea2f-4631-90c3-2faadc2a0057,2024-09-12T11:12:02.555536+00:00,basic
s2s4,30,Take out samples,start,a01a6120-7ee2-4632-9f16-e67c5997236f,2024-09-12T11:12:07.504310+00:00,basic
s2s4,31,Take out samples,complete,a01a6120-7ee2-4632-9f16-e67c5997236f,2024-09-12T11:12:21.620402+00:00,basic
s2s4,32,Hand hygiene,start,f6f8523b-e71d-4de6-afd2-867549e70093,2024-09-12T11:12:24.620822+00:00,basic
s2s4,33,Hand hygiene,complete,f6f8523b-e71d-4de6-afd2-867549e70093,2024-09-12T11:12:31.413355+00:00,basic
s2s4,34,HCW check-out,start,c45c11cb-4190-4a2a-bd45-43489b3082dc,2024-09-12T11:12:32.535725+00:00,basic
s2s4,35,HCW check-out,complete,c45c11cb-4190-4a2a-bd45-43489b3082dc,2024-09-12T11:12:34.651203+00:00,basic
s2s5,0,Donor check-in,start,269680b3-2dae-4f91-a76e-eafd8ad3b308,2024-09-12T11:14:26.988953+00:00,basic
s2s5,1,Donor check-in,complete,269680b3-2dae-4f91-a76e-eafd8ad3b308,2024-09-12T11:14:29.933312+00:00,basic
s2s5,2,HCW check-in,start,248d8dc6-a01c-4767-9851-8222b00a9ebe,2024-09-12T11:14:31.161275+00:00,basic
s2s5,3,HCW check-in,complete,248d8dc6-a01c-4767-9851-8222b00a9ebe,2024-09-12T11:14:34.106836+00:00,basic
s2s5,4,Hand hygiene,start,f6f8523b-e71d-4de6-afd2-867549e70093,2024-09-12T11:14:34.992793+00:00,basic
s2s5,5,Hand hygiene,complete,f6f8523b-e71d-4de6-afd2-867549e70093,2024-09-12T11:14:48.389834+00:00,basic
s2s5,6,Check blood drawing machine,start,484852f6-c36e-48c4-9eae-4ae2f7b86a1c,2024-09-12T11:14:49.979399+00:00,basic
s2s5,7,Check blood drawing machine,complete,484852f6-c36e-48c4-9eae-4ae2f7b86a1c,2024-09-12T11:14:54.835414+00:00,basic
s2s5,8,Apply tourniquet,start,8a58b3fd-0cdf-4b06-8e17-f2ef9142e16b,2024-09-12T11:14:56.255432+00:00,basic
s2s5,9,Apply tourniquet,complete,8a58b3fd-0cdf-4b06-8e17-f2ef9142e16b,2024-09-12T11:15:05.252685+00:00,basic
s2s5,10,Hand hygiene,start,f6f8523b-e71d-4de6-afd2-867549e70093,2024-09-12T11:15:06.743269+00:00,basic
s2s5,11,Hand hygiene,complete,f6f8523b-e71d-4de6-afd2-867549e70093,2024-09-12T11:15:23.068150+00:00,basic
s2s5,12,Disinfect injection site,start,97b32de9-4c1b-4b6d-b3a4-6ed49f157ac4,2024-09-12T11:15:23.643951+00:00,basic
s2s5,13,Disinfect injection site,complete,97b32de9-4c1b-4b6d-b3a4-6ed49f157ac4,2024-09-12T11:15:36.951419+00:00,basic
s2s5,14,Insert needle,start,9e42df93-d555-46a8-a703-3376bc2817e6,2024-09-12T11:15:40.220472+00:00,basic
s2s5,15,Insert needle,complete,9e42df93-d555-46a8-a703-3376bc2817e6,2024-09-12T11:15:50.371547+00:00,basic
s2s5,16,Remove tourniquet,start,9fb65755-bb79-4e26-933d-ad62c44b49d3,2024-09-12T11:15:51.405716+00:00,basic
s2s5,17,Remove tourniquet,complete,9fb65755-bb79-4e26-933d-ad62c44b49d3,2024-09-12T11:15:54.758656+00:00,basic
s2s5,18,Start blood drawing machine,start,24c9a19d-f863-4763-9817-9936acc119fe,2024-09-12T11:15:56.362580+00:00,basic
s2s5,19,Start blood drawing machine,complete,24c9a19d-f863-4763-9817-9936acc119fe,2024-09-12T11:15:58.963343+00:00,basic
s2s5,20,Monitor patient,start,75932625-5d1f-45ef-9f2f-04e9706e0e81,2024-09-12T11:16:04.912182+00:00,basic
s2s5,21,Monitor patient,complete,75932625-5d1f-45ef-9f2f-04e9706e0e81,2024-09-12T11:16:12.615788+00:00,basic
s2s5,22,Stop blood drawing machine,start,bfcf39d5-a75f-488b-affa-02fa338b518e,2024-09-12T11:16:17.713419+00:00,basic
s2s5,23,Stop blood drawing machine,complete,bfcf39d5-a75f-488b-affa-02fa338b518e,2024-09-12T11:16:20.855663+00:00,basic
s2s5,24,Remove needle,start,1967f1c5-ad9f-49ad-bdbb-7bc9b0340ac2,2024-09-12T11:16:23.536032+00:00,basic
s2s5,25,Remove needle,complete,1967f1c5-ad9f-49ad-bdbb-7bc9b0340ac2,2024-09-12T11:16:33.063058+00:00,basic
s2s5,26,Hand hygiene,start,f6f8523b-e71d-4de6-afd2-867549e70093,2024-09-12T11:16:37.148314+00:00,basic
s2s5,27,Hand hygiene,complete,f6f8523b-e71d-4de6-afd2-867549e70093,2024-09-12T11:16:51.161397+00:00,basic
s2s5,28,Donor check-out,start,6ee234a6-ea2f-4631-90c3-2faadc2a0057,2024-09-12T11:16:52.034939+00:00,basic
s2s5,29,Donor check-out,complete,6ee234a6-ea2f-4631-90c3-2faadc2a0057,2024-09-12T11:16:54.031447+00:00,basic
s2s5,30,Take out samples,start,a01a6120-7ee2-4632-9f16-e67c5997236f,2024-09-12T11:16:55.788365+00:00,basic
s2s5,31,Take out samples,complete,a01a6120-7ee2-4632-9f16-e67c5997236f,2024-09-12T11:17:06.078254+00:00,basic
s2s5,32,Hand hygiene,start,f6f8523b-e71d-4de6-afd2-867549e70093,2024-09-12T11:17:06.941221+00:00,basic
s2s5,33,Hand hygiene,complete,f6f8523b-e71d-4de6-afd2-867549e70093,2024-09-12T11:17:12.413261+00:00,basic
s2s5,34,HCW check-out,start,c45c11cb-4190-4a2a-bd45-43489b3082dc,2024-09-12T11:17:14.001717+00:00,basic
s2s5,35,HCW check-out,complete,c45c11cb-4190-4a2a-bd45-43489b3082dc,2024-09-12T11:17:16.330117+00:00,basic
s2s6,0,Donor check-in,start,269680b3-2dae-4f91-a76e-eafd8ad3b308,2024-09-12T11:19:04.891246+00:00,basic
s2s6,1,Donor check-in,complete,269680b3-2dae-4f91-a76e-eafd8ad3b308,2024-09-12T11:19:05.825760+00:00,basic
s2s6,2,HCW check-in,start,248d8dc6-a01c-4767-9851-8222b00a9ebe,2024-09-12T11:19:07.007357+00:00,basic
s2s6,3,HCW check-in,complete,248d8dc6-a01c-4767-9851-8222b00a9ebe,2024-09-12T11:19:12.230442+00:00,basic
s2s6,4,Hand hygiene,start,f6f8523b-e71d-4de6-afd2-867549e70093,2024-09-12T11:19:13.193368+00:00,basic
s2s6,5,Hand hygiene,complete,f6f8523b-e71d-4de6-afd2-867549e70093,2024-09-12T11:19:33.946855+00:00,basic
s2s6,6,Check blood drawing machine,start,484852f6-c36e-48c4-9eae-4ae2f7b86a1c,2024-09-12T11:19:35.393712+00:00,basic
s2s6,7,Check blood drawing machine,complete,484852f6-c36e-48c4-9eae-4ae2f7b86a1c,2024-09-12T11:19:45.312726+00:00,basic
s2s6,8,Apply tourniquet,start,8a58b3fd-0cdf-4b06-8e17-f2ef9142e16b,2024-09-12T11:19:50.535384+00:00,basic
s2s6,9,Apply tourniquet,complete,8a58b3fd-0cdf-4b06-8e17-f2ef9142e16b,2024-09-12T11:19:58.704601+00:00,basic
s2s6,10,Hand hygiene,start,f6f8523b-e71d-4de6-afd2-867549e70093,2024-09-12T11:19:59.399458+00:00,basic
s2s6,11,Hand hygiene,complete,f6f8523b-e71d-4de6-afd2-867549e70093,2024-09-12T11:20:58.079205+00:00,basic
s2s6,12,Disinfect injection site,start,97b32de9-4c1b-4b6d-b3a4-6ed49f157ac4,2024-09-12T11:20:58.845156+00:00,basic
s2s6,13,Disinfect injection site,complete,97b32de9-4c1b-4b6d-b3a4-6ed49f157ac4,2024-09-12T11:21:13.247759+00:00,basic
s2s6,14,Insert needle,start,9e42df93-d555-46a8-a703-3376bc2817e6,2024-09-12T11:21:16.340089+00:00,basic
s2s6,15,Insert needle,complete,9e42df93-d555-46a8-a703-3376bc2817e6,2024-09-12T11:21:27.229403+00:00,basic
s2s6,16,Remove tourniquet,start,9fb65755-bb79-4e26-933d-ad62c44b49d3,2024-09-12T11:21:28.057016+00:00,basic
s2s6,17,Remove tourniquet,complete,9fb65755-bb79-4e26-933d-ad62c44b49d3,2024-09-12T11:21:35.002669+00:00,basic
s2s6,18,Start blood drawing machine,start,24c9a19d-f863-4763-9817-9936acc119fe,2024-09-12T11:21:36.529446+00:00,basic
s2s6,19,Start blood drawing machine,complete,24c9a19d-f863-4763-9817-9936acc119fe,2024-09-12T11:21:41.450262+00:00,basic
s2s6,20,Monitor patient,start,75932625-5d1f-45ef-9f2f-04e9706e0e81,2024-09-12T11:21:51.161942+00:00,basic
s2s6,21,Monitor patient,complete,75932625-5d1f-45ef-9f2f-04e9706e0e81,2024-09-12T11:21:54.889005+00:00,basic
s2s6,22,Stop blood drawing machine,start,bfcf39d5-a75f-488b-affa-02fa338b518e,2024-09-12T11:21:57.757837+00:00,basic
s2s6,23,Stop blood drawing machine,complete,bfcf39d5-a75f-488b-affa-02fa338b518e,2024-09-12T11:22:01.631961+00:00,basic
s2s6,24,Remove needle,start,1967f1c5-ad9f-49ad-bdbb-7bc9b0340ac2,2024-09-12T11:22:05.385977+00:00,basic
s2s6,25,Remove needle,complete,1967f1c5-ad9f-49ad-bdbb-7bc9b0340ac2,2024-09-12T11:22:20.860873+00:00,basic
s2s6,26,Hand hygiene,start,f6f8523b-e71d-4de6-afd2-867549e70093,2024-09-12T11:22:22.647324+00:00,basic
s2s6,27,Hand hygiene,complete,f6f8523b-e71d-4de6-afd2-867549e70093,2024-09-12T11:22:43.544900+00:00,basic
s2s6,28,Donor check-out,start,6ee234a6-ea2f-4631-90c3-2faadc2a0057,2024-09-12T11:22:44.810042+00:00,basic
s2s6,29,Donor check-out,complete,6ee234a6-ea2f-4631-90c3-2faadc2a0057,2024-09-12T11:22:47.326098+00:00,basic
s2s6,30,Take out samples,start,a01a6120-7ee2-4632-9f16-e67c5997236f,2024-09-12T11:22:48.619423+00:00,basic
s2s6,31,Take out samples,complete,a01a6120-7ee2-4632-9f16-e67c5997236f,2024-09-12T11:22:58.541121+00:00,basic
s2s6,32,Hand hygiene,start,f6f8523b-e71d-4de6-afd2-867549e70093,2024-09-12T11:23:01.395046+00:00,basic
s2s6,33,Hand hygiene,complete,f6f8523b-e71d-4de6-afd2-867549e70093,2024-09-12T11:23:16.775406+00:00,basic
s2s6,34,HCW check-out,start,c45c11cb-4190-4a2a-bd45-43489b3082dc,2024-09-12T11:23:18.755601+00:00,basic
s2s6,35,HCW check-out,complete,c45c11cb-4190-4a2a-bd45-43489b3082dc,2024-09-12T11:23:22.910411+00:00,basic
s2s7,0,Donor check-in,start,269680b3-2dae-4f91-a76e-eafd8ad3b308,2024-09-12T11:24:54.238505+00:00,basic
s2s7,1,Donor check-in,complete,269680b3-2dae-4f91-a76e-eafd8ad3b308,2024-09-12T11:24:56.641929+00:00,basic
s2s7,2,HCW check-in,start,248d8dc6-a01c-4767-9851-8222b00a9ebe,2024-09-12T11:25:01.330010+00:00,basic
s2s7,3,HCW check-in,complete,248d8dc6-a01c-4767-9851-8222b00a9ebe,2024-09-12T11:25:04.252469+00:00,basic
s2s7,4,Hand hygiene,start,f6f8523b-e71d-4de6-afd2-867549e70093,2024-09-12T11:25:05.040338+00:00,basic
s2s7,5,Hand hygiene,complete,f6f8523b-e71d-4de6-afd2-867549e70093,2024-09-12T11:25:27.629095+00:00,basic
s2s7,6,Check blood drawing machine,start,484852f6-c36e-48c4-9eae-4ae2f7b86a1c,2024-09-12T11:25:29.964091+00:00,basic
s2s7,7,Check blood drawing machine,complete,484852f6-c36e-48c4-9eae-4ae2f7b86a1c,2024-09-12T11:25:34.021259+00:00,basic
s2s7,8,Apply tourniquet,start,8a58b3fd-0cdf-4b06-8e17-f2ef9142e16b,2024-09-12T11:25:37.407920+00:00,basic
s2s7,9,Apply tourniquet,complete,8a58b3fd-0cdf-4b06-8e17-f2ef9142e16b,2024-09-12T11:25:45.724882+00:00,basic
s2s7,10,Hand hygiene,start,f6f8523b-e71d-4de6-afd2-867549e70093,2024-09-12T11:25:47.353593+00:00,basic
s2s7,11,Hand hygiene,complete,f6f8523b-e71d-4de6-afd2-867549e70093,2024-09-12T11:26:33.699494+00:00,basic
s2s7,12,Disinfect injection site,start,97b32de9-4c1b-4b6d-b3a4-6ed49f157ac4,2024-09-12T11:26:34.247172+00:00,basic
s2s7,13,Disinfect injection site,complete,97b32de9-4c1b-4b6d-b3a4-6ed49f157ac4,2024-09-12T11:26:43.023731+00:00,basic
s2s7,14,Insert needle,start,9e42df93-d555-46a8-a703-3376bc2817e6,2024-09-12T11:26:46.284385+00:00,basic
s2s7,15,Insert needle,complete,9e42df93-d555-46a8-a703-3376bc2817e6,2024-09-12T11:27:00.102356+00:00,basic
s2s7,16,Remove tourniquet,start,9fb65755-bb79-4e26-933d-ad62c44b49d3,2024-09-12T11:27:02.667949+00:00,basic
s2s7,17,Remove tourniquet,complete,9fb65755-bb79-4e26-933d-ad62c44b49d3,2024-09-12T11:27:06.542221+00:00,basic
s2s7,18,Start blood drawing machine,start,24c9a19d-f863-4763-9817-9936acc119fe,2024-09-12T11:27:08.551064+00:00,basic
s2s7,19,Start blood drawing machine,complete,24c9a19d-f863-4763-9817-9936acc119fe,2024-09-12T11:27:11.194485+00:00,basic
s2s7,20,Monitor patient,start,75932625-5d1f-45ef-9f2f-04e9706e0e81,2024-09-12T11:27:18.398782+00:00,basic
s2s7,21,Monitor patient,complete,75932625-5d1f-45ef-9f2f-04e9706e0e81,2024-09-12T11:27:22.639882+00:00,basic
s2s7,22,Stop blood drawing machine,start,bfcf39d5-a75f-488b-affa-02fa338b518e,2024-09-12T11:27:25.746011+00:00,basic
s2s7,23,Stop blood drawing machine,complete,bfcf39d5-a75f-488b-affa-02fa338b518e,2024-09-12T11:27:28.523117+00:00,basic
s2s7,24,Remove needle,start,1967f1c5-ad9f-49ad-bdbb-7bc9b0340ac2,2024-09-12T11:27:32.158741+00:00,basic
s2s7,25,Remove needle,complete,1967f1c5-ad9f-49ad-bdbb-7bc9b0340ac2,2024-09-12T11:27:44.792194+00:00,basic
s2s7,26,Hand hygiene,start,f6f8523b-e71d-4de6-afd2-867549e70093,2024-09-12T11:27:48.019085+00:00,basic
s2s7,27,Hand hygiene,complete,f6f8523b-e71d-4de6-afd2-867549e70093,2024-09-12T11:28:17.282458+00:00,basic
s2s7,28,Donor check-out,start,6ee234a6-ea2f-4631-90c3-2faadc2a0057,2024-09-12T11:28:18.173143+00:00,basic
s2s7,29,Donor check-out,complete,6ee234a6-ea2f-4631-90c3-2faadc2a0057,2024-09-12T11:28:20.634970+00:00,basic
s2s7,30,Take out samples,start,a01a6120-7ee2-4632-9f16-e67c5997236f,2024-09-12T11:28:23.467209+00:00,basic
s2s7,31,Take out samples,complete,a01a6120-7ee2-4632-9f16-e67c5997236f,2024-09-12T11:28:29.234387+00:00,basic
s2s7,32,Hand hygiene,start,f6f8523b-e71d-4de6-afd2-867549e70093,2024-09-12T11:28:31.004179+00:00,basic
s2s7,33,Hand hygiene,complete,f6f8523b-e71d-4de6-afd2-867549e70093,2024-09-12T11:28:50.783601+00:00,basic
s2s7,34,HCW check-out,start,c45c11cb-4190-4a2a-bd45-43489b3082dc,2024-09-12T11:28:52.243506+00:00,basic
s2s7,35,HCW check-out,complete,c45c11cb-4190-4a2a-bd45-43489b3082dc,2024-09-12T11:28:55.020239+00:00,basic
s2s8,0,Donor check-in,start,269680b3-2dae-4f91-a76e-eafd8ad3b308,2024-09-12T11:30:20.019930+00:00,basic
s2s8,1,Donor check-in,complete,269680b3-2dae-4f91-a76e-eafd8ad3b308,2024-09-12T11:30:20.339692+00:00,basic
s2s8,2,Donor check-in,start,269680b3-2dae-4f91-a76e-eafd8ad3b308,2024-09-12T11:30:22.148812+00:00,basic
s2s8,3,Donor check-in,complete,269680b3-2dae-4f91-a76e-eafd8ad3b308,2024-09-12T11:30:22.352826+00:00,basic
s2s8,4,HCW check-in,start,248d8dc6-a01c-4767-9851-8222b00a9ebe,2024-09-12T11:30:24.995945+00:00,basic
s2s8,5,HCW check-in,complete,248d8dc6-a01c-4767-9851-8222b00a9ebe,2024-09-12T11:30:27.874017+00:00,basic
s2s8,6,Hand hygiene,start,f6f8523b-e71d-4de6-afd2-867549e70093,2024-09-12T11:30:30.227636+00:00,basic
s2s8,7,Hand hygiene,complete,f6f8523b-e71d-4de6-afd2-867549e70093,2024-09-12T11:30:51.040487+00:00,basic
s2s8,8,Check blood drawing machine,start,484852f6-c36e-48c4-9eae-4ae2f7b86a1c,2024-09-12T11:30:52.354229+00:00,basic
s2s8,9,Check blood drawing machine,complete,484852f6-c36e-48c4-9eae-4ae2f7b86a1c,2024-09-12T11:30:57.212200+00:00,basic
s2s8,10,Apply tourniquet,start,8a58b3fd-0cdf-4b06-8e17-f2ef9142e16b,2024-09-12T11:31:00.240854+00:00,basic
s2s8,11,Apply tourniquet,complete,8a58b3fd-0cdf-4b06-8e17-f2ef9142e16b,2024-09-12T11:31:07.910867+00:00,basic
s2s8,12,Hand hygiene,start,f6f8523b-e71d-4de6-afd2-867549e70093,2024-09-12T11:31:10.074577+00:00,basic
s2s8,13,Hand hygiene,complete,f6f8523b-e71d-4de6-afd2-867549e70093,2024-09-12T11:31:40.616351+00:00,basic
s2s8,14,Disinfect injection site,start,97b32de9-4c1b-4b6d-b3a4-6ed49f157ac4,2024-09-12T11:31:48.324016+00:00,basic
s2s8,15,Disinfect injection site,complete,97b32de9-4c1b-4b6d-b3a4-6ed49f157ac4,2024-09-12T11:32:03.157496+00:00,basic
s2s8,16,Insert needle,start,9e42df93-d555-46a8-a703-3376bc2817e6,2024-09-12T11:32:07.481548+00:00,basic
s2s8,17,Insert needle,complete,9e42df93-d555-46a8-a703-3376bc2817e6,2024-09-12T11:32:20.096453+00:00,basic
s2s8,18,Remove tourniquet,start,9fb65755-bb79-4e26-933d-ad62c44b49d3,2024-09-12T11:32:22.930720+00:00,basic
s2s8,19,Remove tourniquet,complete,9fb65755-bb79-4e26-933d-ad62c44b49d3,2024-09-12T11:32:26.567243+00:00,basic
s2s8,20,Start blood drawing machine,start,24c9a19d-f863-4763-9817-9936acc119fe,2024-09-12T11:32:31.448319+00:00,basic
s2s8,21,Start blood drawing machine,complete,24c9a19d-f863-4763-9817-9936acc119fe,2024-09-12T11:32:33.094323+00:00,basic
s2s8,22,Monitor patient,start,75932625-5d1f-45ef-9f2f-04e9706e0e81,2024-09-12T11:32:41.021235+00:00,basic
s2s8,23,Monitor patient,complete,75932625-5d1f-45ef-9f2f-04e9706e0e81,2024-09-12T11:32:44.426367+00:00,basic
s2s8,24,Stop blood drawing machine,start,bfcf39d5-a75f-488b-affa-02fa338b518e,2024-09-12T11:32:47.788208+00:00,basic
s2s8,25,Stop blood drawing machine,complete,bfcf39d5-a75f-488b-affa-02fa338b518e,2024-09-12T11:32:50.263719+00:00,basic
s2s8,26,Remove needle,start,1967f1c5-ad9f-49ad-bdbb-7bc9b0340ac2,2024-09-12T11:32:51.608005+00:00,basic
s2s8,27,Remove needle,complete,1967f1c5-ad9f-49ad-bdbb-7bc9b0340ac2,2024-09-12T11:33:08.474564+00:00,basic
s2s8,28,Hand hygiene,start,f6f8523b-e71d-4de6-afd2-867549e70093,2024-09-12T11:33:10.442339+00:00,basic
s2s8,29,Hand hygiene,complete,f6f8523b-e71d-4de6-afd2-867549e70093,2024-09-12T11:33:25.508227+00:00,basic
s2s8,30,Donor check-out,start,6ee234a6-ea2f-4631-90c3-2faadc2a0057,2024-09-12T11:33:29.127375+00:00,basic
s2s8,31,Donor check-out,complete,6ee234a6-ea2f-4631-90c3-2faadc2a0057,2024-09-12T11:33:30.885244+00:00,basic
s2s8,32,Take out samples,start,a01a6120-7ee2-4632-9f16-e67c5997236f,2024-09-12T11:33:32.974818+00:00,basic
s2s8,33,Take out samples,complete,a01a6120-7ee2-4632-9f16-e67c5997236f,2024-09-12T11:33:39.572360+00:00,basic
s2s8,34,Hand hygiene,start,f6f8523b-e71d-4de6-afd2-867549e70093,2024-09-12T11:33:42.137850+00:00,basic
s2s8,35,Hand hygiene,complete,f6f8523b-e71d-4de6-afd2-867549e70093,2024-09-12T11:33:48.817463+00:00,basic
s2s8,36,HCW check-out,start,c45c11cb-4190-4a2a-bd45-43489b3082dc,2024-09-12T11:33:51.756925+00:00,basic
s2s8,37,HCW check-out,complete,c45c11cb-4190-4a2a-bd45-43489b3082dc,2024-09-12T11:33:55.415057+00:00,basic
s3s1,0,Donor check-in,start,ecfe4f23-3471-438e-8dd5-edba46d4bfee,2024-09-12T15:49:15.871383+00:00,basic
s3s1,1,Donor check-in,complete,ecfe4f23-3471-438e-8dd5-edba46d4bfee,2024-09-12T15:49:32.164698+00:00,basic
s3s1,2,Donor check-in,start,5e192d38-e348-4d1b-9e81-e8b516b0bcc6,2024-09-12T15:49:35.193885+00:00,basic
s3s1,3,Donor check-in,complete,5e192d38-e348-4d1b-9e81-e8b516b0bcc6,2024-09-12T15:49:38.379074+00:00,basic
s3s1,4,HCW check-in,start,cdbacf8a-bbc0-4071-8c9f-9ad52984751e,2024-09-12T15:49:50.446486+00:00,basic
s3s1,5,HCW check-in,complete,cdbacf8a-bbc0-4071-8c9f-9ad52984751e,2024-09-12T15:49:51.583099+00:00,basic
s3s1,6,Hand hygiene,start,e66a021e-d174-4859-888b-6284fcd38154,2024-09-12T15:49:57.297215+00:00,basic
s3s1,7,Hand hygiene,complete,e66a021e-d174-4859-888b-6284fcd38154,2024-09-12T15:50:08.876423+00:00,basic
s3s1,8,Check blood drawing machine,start,6f124b7f-b325-4126-85fb-6e7030dc6df3,2024-09-12T15:50:10.108363+00:00,basic
s3s1,9,Check blood drawing machine,complete,6f124b7f-b325-4126-85fb-6e7030dc6df3,2024-09-12T15:50:14.627157+00:00,basic
s3s1,10,Apply tourniquet,start,f77662a1-2b7c-4aff-91df-d7c2235f9ef6,2024-09-12T15:50:16.944680+00:00,basic
s3s1,11,Apply tourniquet,complete,f77662a1-2b7c-4aff-91df-d7c2235f9ef6,2024-09-12T15:50:25.943938+00:00,basic
s3s1,12,Hand hygiene,start,e66a021e-d174-4859-888b-6284fcd38154,2024-09-12T15:50:30.244081+00:00,basic
s3s1,13,Hand hygiene,complete,e66a021e-d174-4859-888b-6284fcd38154,2024-09-12T15:50:46.489848+00:00,basic
s3s1,14,Disinfect injection site,start,67aafc96-117e-4455-84e9-d9c3ba2dffb0,2024-09-12T15:50:47.328562+00:00,basic
s3s1,15,Disinfect injection site,complete,67aafc96-117e-4455-84e9-d9c3ba2dffb0,2024-09-12T15:50:58.754429+00:00,basic
s3s1,16,Insert needle,start,5661ff8d-7eac-4fcf-96d9-21b8361dbc72,2024-09-12T15:51:04.552937+00:00,basic
s3s1,17,Insert needle,complete,5661ff8d-7eac-4fcf-96d9-21b8361dbc72,2024-09-12T15:51:14.275209+00:00,basic
s3s1,18,Remove tourniquet,start,f352da47-7ca9-49be-ac6b-41e42f3878c6,2024-09-12T15:51:17.754147+00:00,basic
s3s1,19,Remove tourniquet,complete,f352da47-7ca9-49be-ac6b-41e42f3878c6,2024-09-12T15:51:22.232116+00:00,basic
s3s1,20,Start blood drawing machine,start,7c5b34d8-d497-4af9-8fe5-a6f12aac65a1,2024-09-12T15:51:26.975982+00:00,basic
s3s1,21,Start blood drawing machine,complete,7c5b34d8-d497-4af9-8fe5-a6f12aac65a1,2024-09-12T15:51:32.419190+00:00,basic
s3s1,22,Hand hygiene,start,e66a021e-d174-4859-888b-6284fcd38154,2024-09-12T15:51:40.743869+00:00,basic
s3s1,23,Hand hygiene,complete,e66a021e-d174-4859-888b-6284fcd38154,2024-09-12T15:52:02.036891+00:00,basic
s3s1,24,Check blood drawing machine,start,7c5dc64c-a8db-44cd-aa30-04702a9c311d,2024-09-12T15:52:03.169052+00:00,basic
s3s1,25,Check blood drawing machine,complete,7c5dc64c-a8db-44cd-aa30-04702a9c311d,2024-09-12T15:52:10.443868+00:00,basic
s3s1,26,Apply tourniquet,start,3dccb81a-e2e6-4970-9fab-73cb31b5e3b6,2024-09-12T15:52:11.063501+00:00,basic
s3s1,27,Apply tourniquet,complete,3dccb81a-e2e6-4970-9fab-73cb31b5e3b6,2024-09-12T15:52:19.118709+00:00,basic
s3s1,28,Hand hygiene,start,e66a021e-d174-4859-888b-6284fcd38154,2024-09-12T15:52:27.755456+00:00,basic
s3s1,29,Hand hygiene,complete,e66a021e-d174-4859-888b-6284fcd38154,2024-09-12T15:52:39.061988+00:00,basic
s3s1,30,Disinfect injection site,start,67aafc96-117e-4455-84e9-d9c3ba2dffb0,2024-09-12T15:52:39.577252+00:00,basic
s3s1,31,Disinfect injection site,complete,67aafc96-117e-4455-84e9-d9c3ba2dffb0,2024-09-12T15:52:47.829912+00:00,basic
s3s1,32,Insert needle,start,5661ff8d-7eac-4fcf-96d9-21b8361dbc72,2024-09-12T15:52:50.148996+00:00,basic
s3s1,33,Insert needle,complete,5661ff8d-7eac-4fcf-96d9-21b8361dbc72,2024-09-12T15:52:56.710405+00:00,basic
s3s1,34,Remove tourniquet,start,f352da47-7ca9-49be-ac6b-41e42f3878c6,2024-09-12T15:53:00.175942+00:00,basic
s3s1,35,Remove tourniquet,complete,f352da47-7ca9-49be-ac6b-41e42f3878c6,2024-09-12T15:53:04.739013+00:00,basic
s3s1,36,Start blood drawing machine,start,7c5b34d8-d497-4af9-8fe5-a6f12aac65a1,2024-09-12T15:53:05.835489+00:00,basic
s3s1,37,Start blood drawing machine,complete,7c5b34d8-d497-4af9-8fe5-a6f12aac65a1,2024-09-12T15:53:08.882985+00:00,basic
s3s1,38,Monitor patient,start,94f998d1-1b13-46aa-b95b-56bc6d36314f,2024-09-12T15:53:12.738960+00:00,basic
s3s1,39,Monitor patient,complete,94f998d1-1b13-46aa-b95b-56bc6d36314f,2024-09-12T15:53:20.621728+00:00,basic
s3s1,40,Stop blood drawing machine,start,7f13d905-d8a1-4bf5-9674-64c2b7a55c86,2024-09-12T15:53:23.536654+00:00,basic
s3s1,41,Stop blood drawing machine,complete,7f13d905-d8a1-4bf5-9674-64c2b7a55c86,2024-09-12T15:53:24.842748+00:00,basic
s3s1,42,Remove needle,start,fbec05b8-4022-4865-9358-8856ad52f5b8,2024-09-12T15:53:35.641156+00:00,basic
s3s1,43,Remove needle,complete,fbec05b8-4022-4865-9358-8856ad52f5b8,2024-09-12T15:53:50.347972+00:00,basic
s3s1,44,Hand hygiene,start,e66a021e-d174-4859-888b-6284fcd38154,2024-09-12T15:53:53.793674+00:00,basic
s3s1,45,Hand hygiene,complete,e66a021e-d174-4859-888b-6284fcd38154,2024-09-12T15:54:05.192762+00:00,basic
s3s1,46,Donor check-out,start,251389dc-fc8e-4b64-ba9e-b1c571e15bd1,2024-09-12T15:54:06.087497+00:00,basic
s3s1,47,Donor check-out,complete,251389dc-fc8e-4b64-ba9e-b1c571e15bd1,2024-09-12T15:54:08.773664+00:00,basic
s3s1,48,Take out samples,start,36ac7158-324a-42e5-a357-834e4cd0637d,2024-09-12T15:54:10.143177+00:00,basic
s3s1,49,Take out samples,complete,36ac7158-324a-42e5-a357-834e4cd0637d,2024-09-12T15:54:17.603046+00:00,basic
s3s1,50,Hand hygiene,start,e66a021e-d174-4859-888b-6284fcd38154,2024-09-12T15:54:25.285899+00:00,basic
s3s1,51,Hand hygiene,complete,e66a021e-d174-4859-888b-6284fcd38154,2024-09-12T15:54:43.551483+00:00,basic
s3s1,52,Monitor patient,start,94f998d1-1b13-46aa-b95b-56bc6d36314f,2024-09-12T15:54:44.733331+00:00,basic
s3s1,53,Monitor patient,complete,94f998d1-1b13-46aa-b95b-56bc6d36314f,2024-09-12T15:54:59.082601+00:00,basic
s3s1,54,Stop blood drawing machine,start,7f13d905-d8a1-4bf5-9674-64c2b7a55c86,2024-09-12T15:54:59.536654+00:00,basic
s3s1,55,Stop blood drawing machine,complete,7f13d905-d8a1-4bf5-9674-64c2b7a55c86,2024-09-12T15:54:59.842748+00:00,basic
s3s1,56,Remove needle,start,fbec05b8-4022-4865-9358-8856ad52f5b8,2024-09-12T15:55:00.031785+00:00,basic
s3s1,57,Remove needle,complete,fbec05b8-4022-4865-9358-8856ad52f5b8,2024-09-12T15:55:09.233290+00:00,basic
s3s1,58,Hand hygiene,start,e66a021e-d174-4859-888b-6284fcd38154,2024-09-12T15:55:16.863516+00:00,basic
s3s1,59,Hand hygiene,complete,e66a021e-d174-4859-888b-6284fcd38154,2024-09-12T15:55:27.615209+00:00,basic
s3s1,60,Donor check-out,start,251389dc-fc8e-4b64-ba9e-b1c571e15bd1,2024-09-12T15:55:28.543135+00:00,basic
s3s1,61,Donor check-out,complete,251389dc-fc8e-4b64-ba9e-b1c571e15bd1,2024-09-12T15:55:31.327281+00:00,basic
s3s1,62,Take out samples,start,36ac7158-324a-42e5-a357-834e4cd0637d,2024-09-12T15:55:34.843809+00:00,basic
s3s1,63,Take out samples,complete,36ac7158-324a-42e5-a357-834e4cd0637d,2024-09-12T15:55:36.040155+00:00,basic
s3s1,64,Hand hygiene,start,e66a021e-d174-4859-888b-6284fcd38154,2024-09-12T15:55:41.636144+00:00,basic
s3s1,65,Hand hygiene,complete,e66a021e-d174-4859-888b-6284fcd38154,2024-09-12T15:55:50.994903+00:00,basic
s3s1,66,HCW check-out,start,6dac1cf6-e9dd-4a9f-a5af-bba0ad6af8ee,2024-09-12T15:55:51.890075+00:00,basic
s3s1,67,HCW check-out,complete,6dac1cf6-e9dd-4a9f-a5af-bba0ad6af8ee,2024-09-12T15:55:52.484843+00:00,basic
s3s2,0,Donor check-in,start,22f61825-4b49-429a-969e-e29ee63b6fec,2024-09-12T15:58:31.100487+00:00,basic
s3s2,1,Donor check-in,complete,22f61825-4b49-429a-969e-e29ee63b6fec,2024-09-12T15:58:34.465433+00:00,basic
s3s2,2,HCW check-in,start,dba4cb73-052c-4539-8ab6-033cefa764d1,2024-09-12T15:58:36.788363+00:00,basic
s3s2,3,HCW check-in,complete,dba4cb73-052c-4539-8ab6-033cefa764d1,2024-09-12T15:58:40.979320+00:00,basic
s3s2,4,Hand hygiene,start,a9746dcf-1c19-49b5-a991-1825c5a254df,2024-09-12T15:58:42.980590+00:00,basic
s3s2,5,Hand hygiene,complete,a9746dcf-1c19-49b5-a991-1825c5a254df,2024-09-12T15:58:54.979497+00:00,basic
s3s2,6,Check blood drawing machine,start,623ca3c4-f655-43e6-96d1-43204d73a687,2024-09-12T15:58:55.686085+00:00,basic
s3s2,7,Check blood drawing machine,complete,623ca3c4-f655-43e6-96d1-43204d73a687,2024-09-12T15:58:58.317128+00:00,basic
s3s2,8,Apply tourniquet,start,2761bc54-2a4b-49e1-970f-13b3ba4cbb85,2024-09-12T15:59:01.292111+00:00,basic
s3s2,9,Apply tourniquet,complete,2761bc54-2a4b-49e1-970f-13b3ba4cbb85,2024-09-12T15:59:07.420201+00:00,basic
s3s2,10,Hand hygiene,start,a9746dcf-1c19-49b5-a991-1825c5a254df,2024-09-12T15:59:08.834882+00:00,basic
s3s2,11,Hand hygiene,complete,a9746dcf-1c19-49b5-a991-1825c5a254df,2024-09-12T15:59:58.005780+00:00,basic
s3s2,12,Disinfect injection site,start,6e3a9efe-a92d-4a1d-9f8a-d79934113536,2024-09-12T15:59:58.767851+00:00,basic
s3s2,13,Disinfect injection site,complete,6e3a9efe-a92d-4a1d-9f8a-d79934113536,2024-09-12T16:00:07.703145+00:00,basic
s3s2,14,Insert needle,start,3b64b884-530c-4710-b45e-b1c398df662a,2024-09-12T16:00:10.471973+00:00,basic
s3s2,15,Insert needle,complete,3b64b884-530c-4710-b45e-b1c398df662a,2024-09-12T16:00:18.175668+00:00,basic
s3s2,16,Remove tourniquet,start,7890273e-a326-481a-99e3-b72714b9c960,2024-09-12T16:00:24.936690+00:00,basic
s3s2,17,Remove tourniquet,complete,7890273e-a326-481a-99e3-b72714b9c960,2024-09-12T16:00:29.441823+00:00,basic
s3s2,18,Start blood drawing machine,start,e6d1c5ae-42cf-46a4-abbd-1dea4b69c6f6,2024-09-12T16:00:32.723845+00:00,basic
s3s2,19,Start blood drawing machine,complete,e6d1c5ae-42cf-46a4-abbd-1dea4b69c6f6,2024-09-12T16:00:37.251659+00:00,basic
s3s2,20,Monitor patient,start,e66e3b20-ef0a-4870-9768-7693c3c63166,2024-09-12T16:00:46.865720+00:00,basic
s3s2,21,Monitor patient,complete,e66e3b20-ef0a-4870-9768-7693c3c63166,2024-09-12T16:00:52.624619+00:00,basic
s3s2,22,Stop blood drawing machine,start,79f6925a-bb13-4530-94e5-540ce56ce6ca,2024-09-12T16:00:53.729862+00:00,basic
s3s2,23,Stop blood drawing machine,complete,79f6925a-bb13-4530-94e5-540ce56ce6ca,2024-09-12T16:00:57.236067+00:00,basic
s3s2,24,Remove needle,start,9b86c465-fc6d-4c8c-a3f8-76b5840e74f7,2024-09-12T16:00:58.628454+00:00,basic
s3s2,25,Remove needle,complete,9b86c465-fc6d-4c8c-a3f8-76b5840e74f7,2024-09-12T16:01:11.882192+00:00,basic
s3s2,26,Hand hygiene,start,a9746dcf-1c19-49b5-a991-1825c5a254df,2024-09-12T16:01:16.626811+00:00,basic
s3s2,27,Hand hygiene,complete,a9746dcf-1c19-49b5-a991-1825c5a254df,2024-09-12T16:01:34.619004+00:00,basic
s3s2,28,Donor check-out,start,78919e82-a835-4a3c-be8e-26f9a1d5f01e,2024-09-12T16:01:36.122976+00:00,basic
s3s2,29,Donor check-out,complete,78919e82-a835-4a3c-be8e-26f9a1d5f01e,2024-09-12T16:01:50.822069+00:00,basic
s3s2,30,Take out samples,start,d6f16c0b-1505-4912-9643-211354bbae7b,2024-09-12T16:01:53.390701+00:00,basic
s3s2,31,Take out samples,complete,d6f16c0b-1505-4912-9643-211354bbae7b,2024-09-12T16:02:01.865549+00:00,basic
s3s2,32,Hand hygiene,start,a9746dcf-1c19-49b5-a991-1825c5a254df,2024-09-12T16:02:02.895166+00:00,basic
s3s2,33,Hand hygiene,complete,a9746dcf-1c19-49b5-a991-1825c5a254df,2024-09-12T16:02:12.818858+00:00,basic
s3s2,34,HCW check-out,start,0c7fb620-c047-4af0-9da0-59e22fa5e8c4,2024-09-12T16:02:13.722266+00:00,basic
s3s2,35,HCW check-out,complete,0c7fb620-c047-4af0-9da0-59e22fa5e8c4,2024-09-12T16:02:17.060064+00:00,basic
s3s3,0,Donor check-in,start,22f61825-4b49-429a-969e-e29ee63b6fec,2024-09-12T16:04:27.778860+00:00,disturbance
s3s3,1,Donor check-in,complete,22f61825-4b49-429a-969e-e29ee63b6fec,2024-09-12T16:04:33.120948+00:00,disturbance
s3s3,2,HCW check-in,start,dba4cb73-052c-4539-8ab6-033cefa764d1,2024-09-12T16:04:37.826872+00:00,disturbance
s3s3,3,HCW check-in,complete,dba4cb73-052c-4539-8ab6-033cefa764d1,2024-09-12T16:04:38.568421+00:00,disturbance
s3s3,4,Hand hygiene,start,a9746dcf-1c19-49b5-a991-1825c5a254df,2024-09-12T16:04:39.820842+00:00,disturbance
s3s3,5,Hand hygiene,complete,a9746dcf-1c19-49b5-a991-1825c5a254df,2024-09-12T16:04:55.871130+00:00,disturbance
s3s3,6,Check blood drawing machine,start,623ca3c4-f655-43e6-96d1-43204d73a687,2024-09-12T16:04:56.388595+00:00,disturbance
s3s3,7,Check blood drawing machine,complete,623ca3c4-f655-43e6-96d1-43204d73a687,2024-09-12T16:04:58.323629+00:00,disturbance
s3s3,8,Disturbance,start,ec58a535-87c3-434e-884a-b70d7833c4be,2024-09-12T16:05:01.305533+00:00,disturbance
s3s3,9,Disturbance,complete,ec58a535-87c3-434e-884a-b70d7833c4be,2024-09-12T16:05:03.928422+00:00,disturbance
s3s3,10,Hand hygiene,start,a9746dcf-1c19-49b5-a991-1825c5a254df,2024-09-12T16:05:05.287486+00:00,disturbance
s3s3,11,Hand hygiene,complete,a9746dcf-1c19-49b5-a991-1825c5a254df,2024-09-12T16:05:23.022429+00:00,disturbance
s3s3,12,Apply tourniquet,start,2761bc54-2a4b-49e1-970f-13b3ba4cbb85,2024-09-12T16:05:25.766049+00:00,disturbance
s3s3,13,Apply tourniquet,complete,2761bc54-2a4b-49e1-970f-13b3ba4cbb85,2024-09-12T16:05:32.177622+00:00,disturbance
s3s3,14,Hand hygiene,start,a9746dcf-1c19-49b5-a991-1825c5a254df,2024-09-12T16:05:33.178926+00:00,disturbance
s3s3,15,Hand hygiene,complete,a9746dcf-1c19-49b5-a991-1825c5a254df,2024-09-12T16:06:10.128427+00:00,disturbance
s3s3,16,Disinfect injection site,start,6e3a9efe-a92d-4a1d-9f8a-d79934113536,2024-09-12T16:06:10.842378+00:00,disturbance
s3s3,17,Disinfect injection site,complete,6e3a9efe-a92d-4a1d-9f8a-d79934113536,2024-09-12T16:06:17.791412+00:00,disturbance
s3s3,18,Insert needle,start,3b64b884-530c-4710-b45e-b1c398df662a,2024-09-12T16:06:21.697205+00:00,disturbance
s3s3,19,Insert needle,complete,3b64b884-530c-4710-b45e-b1c398df662a,2024-09-12T16:06:27.374252+00:00,disturbance
s3s3,20,Remove tourniquet,start,7890273e-a326-481a-99e3-b72714b9c960,2024-09-12T16:06:29.999687+00:00,disturbance
s3s3,21,Remove tourniquet,complete,7890273e-a326-481a-99e3-b72714b9c960,2024-09-12T16:06:34.116413+00:00,disturbance
s3s3,22,Start blood drawing machine,start,e6d1c5ae-42cf-46a4-abbd-1dea4b69c6f6,2024-09-12T16:06:36.062821+00:00,disturbance
s3s3,23,Start blood drawing machine,complete,e6d1c5ae-42cf-46a4-abbd-1dea4b69c6f6,2024-09-12T16:06:38.170397+00:00,disturbance
s3s3,24,Monitor patient,start,e66e3b20-ef0a-4870-9768-7693c3c63166,2024-09-12T16:06:45.571641+00:00,disturbance
s3s3,25,Monitor patient,complete,e66e3b20-ef0a-4870-9768-7693c3c63166,2024-09-12T16:06:49.674935+00:00,disturbance
s3s3,26,Stop blood drawing machine,start,79f6925a-bb13-4530-94e5-540ce56ce6ca,2024-09-12T16:06:51.215715+00:00,disturbance
s3s3,27,Stop blood drawing machine,complete,79f6925a-bb13-4530-94e5-540ce56ce6ca,2024-09-12T16:06:53.734059+00:00,disturbance
s3s3,28,Remove needle,start,9b86c465-fc6d-4c8c-a3f8-76b5840e74f7,2024-09-12T16:06:55.687673+00:00,disturbance
s3s3,29,Remove needle,complete,9b86c465-fc6d-4c8c-a3f8-76b5840e74f7,2024-09-12T16:07:01.842307+00:00,disturbance
s3s3,30,Hand hygiene,start,a9746dcf-1c19-49b5-a991-1825c5a254df,2024-09-12T16:07:05.307263+00:00,disturbance
s3s3,31,Hand hygiene,complete,a9746dcf-1c19-49b5-a991-1825c5a254df,2024-09-12T16:07:26.510812+00:00,disturbance
s3s3,32,Donor check-out,start,78919e82-a835-4a3c-be8e-26f9a1d5f01e,2024-09-12T16:07:27.413726+00:00,disturbance
s3s3,33,Donor check-out,complete,78919e82-a835-4a3c-be8e-26f9a1d5f01e,2024-09-12T16:07:29.389137+00:00,disturbance
s3s3,34,Take out samples,start,d6f16c0b-1505-4912-9643-211354bbae7b,2024-09-12T16:07:31.454824+00:00,disturbance
s3s3,35,Take out samples,complete,d6f16c0b-1505-4912-9643-211354bbae7b,2024-09-12T16:07:41.305076+00:00,disturbance
s3s3,36,Hand hygiene,start,a9746dcf-1c19-49b5-a991-1825c5a254df,2024-09-12T16:07:42.579455+00:00,disturbance
s3s3,37,Hand hygiene,complete,a9746dcf-1c19-49b5-a991-1825c5a254df,2024-09-12T16:07:55.868890+00:00,disturbance
s3s3,38,HCW check-out,start,0c7fb620-c047-4af0-9da0-59e22fa5e8c4,2024-09-12T16:07:56.994441+00:00,disturbance
s3s3,39,HCW check-out,complete,0c7fb620-c047-4af0-9da0-59e22fa5e8c4,2024-09-12T16:07:58.800471+00:00,disturbance
s3s4,0,Donor check-in,start,22f61825-4b49-429a-969e-e29ee63b6fec,2024-09-12T16:09:34.557760+00:00,disturbance
s3s4,1,Donor check-in,complete,22f61825-4b49-429a-969e-e29ee63b6fec,2024-09-12T16:09:38.933163+00:00,disturbance
s3s4,2,HCW check-in,start,dba4cb73-052c-4539-8ab6-033cefa764d1,2024-09-12T16:09:42.075311+00:00,disturbance
s3s4,3,HCW check-in,complete,dba4cb73-052c-4539-8ab6-033cefa764d1,2024-09-12T16:09:46.023502+00:00,disturbance
s3s4,4,Hand hygiene,start,a9746dcf-1c19-49b5-a991-1825c5a254df,2024-09-12T16:09:47.367165+00:00,disturbance
s3s4,5,Hand hygiene,complete,a9746dcf-1c19-49b5-a991-1825c5a254df,2024-09-12T16:09:56.577360+00:00,disturbance
s3s4,6,Check blood drawing machine,start,623ca3c4-f655-43e6-96d1-43204d73a687,2024-09-12T16:09:57.209954+00:00,disturbance
s3s4,7,Check blood drawing machine,complete,623ca3c4-f655-43e6-96d1-43204d73a687,2024-09-12T16:10:01.198572+00:00,disturbance
s3s4,8,Apply tourniquet,start,2761bc54-2a4b-49e1-970f-13b3ba4cbb85,2024-09-12T16:10:01.863009+00:00,disturbance
s3s4,9,Apply tourniquet,complete,2761bc54-2a4b-49e1-970f-13b3ba4cbb85,2024-09-12T16:10:17.048732+00:00,disturbance
s3s4,10,Hand hygiene,start,a9746dcf-1c19-49b5-a991-1825c5a254df,2024-09-12T16:10:17.909704+00:00,disturbance
s3s4,11,Hand hygiene,complete,a9746dcf-1c19-49b5-a991-1825c5a254df,2024-09-12T16:10:49.231877+00:00,disturbance
s3s4,12,Disinfect injection site,start,6e3a9efe-a92d-4a1d-9f8a-d79934113536,2024-09-12T16:11:00.402784+00:00,disturbance
s3s4,13,Disinfect injection site,complete,6e3a9efe-a92d-4a1d-9f8a-d79934113536,2024-09-12T16:11:12.642733+00:00,disturbance
s3s4,14,Insert needle,start,3b64b884-530c-4710-b45e-b1c398df662a,2024-09-12T16:11:19.057254+00:00,disturbance
s3s4,15,Insert needle,complete,3b64b884-530c-4710-b45e-b1c398df662a,2024-09-12T16:11:35.657727+00:00,disturbance
s3s4,16,Remove tourniquet,start,7890273e-a326-481a-99e3-b72714b9c960,2024-09-12T16:11:36.245740+00:00,disturbance
s3s4,17,Remove tourniquet,complete,7890273e-a326-481a-99e3-b72714b9c960,2024-09-12T16:11:40.783288+00:00,disturbance
s3s4,18,Start blood drawing machine,start,e6d1c5ae-42cf-46a4-abbd-1dea4b69c6f6,2024-09-12T16:11:46.180988+00:00,disturbance
s3s4,19,Start blood drawing machine,complete,e6d1c5ae-42cf-46a4-abbd-1dea4b69c6f6,2024-09-12T16:11:48.009100+00:00,disturbance
s3s4,20,Monitor patient,start,e66e3b20-ef0a-4870-9768-7693c3c63166,2024-09-12T16:11:59.190336+00:00,disturbance
s3s4,21,Monitor patient,complete,e66e3b20-ef0a-4870-9768-7693c3c63166,2024-09-12T16:12:05.688064+00:00,disturbance
s3s4,22,Stop blood drawing machine,start,79f6925a-bb13-4530-94e5-540ce56ce6ca,2024-09-12T16:12:10.421664+00:00,disturbance
s3s4,23,Stop blood drawing machine,complete,79f6925a-bb13-4530-94e5-540ce56ce6ca,2024-09-12T16:12:13.209033+00:00,disturbance
s3s4,24,Remove needle,start,9b86c465-fc6d-4c8c-a3f8-76b5840e74f7,2024-09-12T16:12:15.400785+00:00,disturbance
s3s4,25,Remove needle,complete,9b86c465-fc6d-4c8c-a3f8-76b5840e74f7,2024-09-12T16:12:29.685344+00:00,disturbance
s3s4,26,Hand hygiene,start,a9746dcf-1c19-49b5-a991-1825c5a254df,2024-09-12T16:12:32.984727+00:00,disturbance
s3s4,27,Hand hygiene,complete,a9746dcf-1c19-49b5-a991-1825c5a254df,2024-09-12T16:12:50.591593+00:00,disturbance
s3s4,28,Donor check-out,start,78919e82-a835-4a3c-be8e-26f9a1d5f01e,2024-09-12T16:12:51.885925+00:00,disturbance
s3s4,29,Donor check-out,complete,78919e82-a835-4a3c-be8e-26f9a1d5f01e,2024-09-12T16:12:55.253921+00:00,disturbance
s3s4,30,Disturbance,start,ec58a535-87c3-434e-884a-b70d7833c4be,2024-09-12T16:12:59.043295+00:00,disturbance
s3s4,31,Disturbance,complete,ec58a535-87c3-434e-884a-b70d7833c4be,2024-09-12T16:13:02.888617+00:00,disturbance
s3s4,32,Hand hygiene,start,a9746dcf-1c19-49b5-a991-1825c5a254df,2024-09-12T16:13:04.780829+00:00,disturbance
s3s4,33,Hand hygiene,complete,a9746dcf-1c19-49b5-a991-1825c5a254df,2024-09-12T16:13:13.272236+00:00,disturbance
s3s4,34,Take out samples,start,d6f16c0b-1505-4912-9643-211354bbae7b,2024-09-12T16:13:14.483185+00:00,disturbance
s3s4,35,Take out samples,complete,d6f16c0b-1505-4912-9643-211354bbae7b,2024-09-12T16:13:22.856836+00:00,disturbance
s3s4,36,Hand hygiene,start,a9746dcf-1c19-49b5-a991-1825c5a254df,2024-09-12T16:13:25.896050+00:00,disturbance
s3s4,37,Hand hygiene,complete,a9746dcf-1c19-49b5-a991-1825c5a254df,2024-09-12T16:13:35.299584+00:00,disturbance
s3s4,38,HCW check-out,start,0c7fb620-c047-4af0-9da0-59e22fa5e8c4,2024-09-12T16:13:37.008009+00:00,disturbance
s3s4,39,HCW check-out,complete,0c7fb620-c047-4af0-9da0-59e22fa5e8c4,2024-09-12T16:13:41.232043+00:00,disturbance
s3s5,0,Donor check-in,start,22f61825-4b49-429a-969e-e29ee63b6fec,2024-09-12T16:15:44.942900+00:00,disturbance
s3s5,1,Donor check-in,complete,22f61825-4b49-429a-969e-e29ee63b6fec,2024-09-12T16:15:50.080406+00:00,disturbance
s3s5,2,HCW check-in,start,dba4cb73-052c-4539-8ab6-033cefa764d1,2024-09-12T16:15:55.387347+00:00,disturbance
s3s5,3,HCW check-in,complete,dba4cb73-052c-4539-8ab6-033cefa764d1,2024-09-12T16:15:59.101643+00:00,disturbance
s3s5,4,Hand hygiene,start,a9746dcf-1c19-49b5-a991-1825c5a254df,2024-09-12T16:16:00.165963+00:00,disturbance
s3s5,5,Hand hygiene,complete,a9746dcf-1c19-49b5-a991-1825c5a254df,2024-09-12T16:16:18.921651+00:00,disturbance
s3s5,6,Check blood drawing machine,start,623ca3c4-f655-43e6-96d1-43204d73a687,2024-09-12T16:16:21.356476+00:00,disturbance
s3s5,7,Check blood drawing machine,complete,623ca3c4-f655-43e6-96d1-43204d73a687,2024-09-12T16:16:26.165595+00:00,disturbance
s3s5,8,Disturbance,start,ec58a535-87c3-434e-884a-b70d7833c4be,2024-09-12T16:16:27.635232+00:00,disturbance
s3s5,9,Disturbance,complete,ec58a535-87c3-434e-884a-b70d7833c4be,2024-09-12T16:16:32.065550+00:00,disturbance
s3s5,10,Hand hygiene,start,a9746dcf-1c19-49b5-a991-1825c5a254df,2024-09-12T16:16:33.458423+00:00,disturbance
s3s5,11,Hand hygiene,complete,a9746dcf-1c19-49b5-a991-1825c5a254df,2024-09-12T16:16:48.016593+00:00,disturbance
s3s5,12,Apply tourniquet,start,2761bc54-2a4b-49e1-970f-13b3ba4cbb85,2024-09-12T16:16:49.541906+00:00,disturbance
s3s5,13,Apply tourniquet,complete,2761bc54-2a4b-49e1-970f-13b3ba4cbb85,2024-09-12T16:16:55.966145+00:00,disturbance
s3s5,14,Hand hygiene,start,a9746dcf-1c19-49b5-a991-1825c5a254df,2024-09-12T16:16:58.304093+00:00,disturbance
s3s5,15,Hand hygiene,complete,a9746dcf-1c19-49b5-a991-1825c5a254df,2024-09-12T16:17:18.708459+00:00,disturbance
s3s5,16,Disinfect injection site,start,6e3a9efe-a92d-4a1d-9f8a-d79934113536,2024-09-12T16:17:20.303039+00:00,disturbance
s3s5,17,Disinfect injection site,complete,6e3a9efe-a92d-4a1d-9f8a-d79934113536,2024-09-12T16:17:34.392556+00:00,disturbance
s3s5,18,Insert needle,start,3b64b884-530c-4710-b45e-b1c398df662a,2024-09-12T16:17:42.028008+00:00,disturbance
s3s5,19,Insert needle,complete,3b64b884-530c-4710-b45e-b1c398df662a,2024-09-12T16:18:04.524860+00:00,disturbance
s3s5,20,Remove tourniquet,start,7890273e-a326-481a-99e3-b72714b9c960,2024-09-12T16:18:07.542876+00:00,disturbance
s3s5,21,Remove tourniquet,complete,7890273e-a326-481a-99e3-b72714b9c960,2024-09-12T16:18:11.964335+00:00,disturbance
s3s5,22,Start blood drawing machine,start,e6d1c5ae-42cf-46a4-abbd-1dea4b69c6f6,2024-09-12T16:18:13.708881+00:00,disturbance
s3s5,23,Start blood drawing machine,complete,e6d1c5ae-42cf-46a4-abbd-1dea4b69c6f6,2024-09-12T16:18:17.892279+00:00,disturbance
s3s5,24,Monitor patient,start,e66e3b20-ef0a-4870-9768-7693c3c63166,2024-09-12T16:18:24.086949+00:00,disturbance
s3s5,25,Monitor patient,complete,e66e3b20-ef0a-4870-9768-7693c3c63166,2024-09-12T16:18:28.503036+00:00,disturbance
s3s5,26,Stop blood drawing machine,start,79f6925a-bb13-4530-94e5-540ce56ce6ca,2024-09-12T16:18:29.980507+00:00,disturbance
s3s5,27,Stop blood drawing machine,complete,79f6925a-bb13-4530-94e5-540ce56ce6ca,2024-09-12T16:18:32.534771+00:00,disturbance
s3s5,28,Remove needle,start,9b86c465-fc6d-4c8c-a3f8-76b5840e74f7,2024-09-12T16:18:33.926292+00:00,disturbance
s3s5,29,Remove needle,complete,9b86c465-fc6d-4c8c-a3f8-76b5840e74f7,2024-09-12T16:18:44.656504+00:00,disturbance
s3s5,30,Hand hygiene,start,a9746dcf-1c19-49b5-a991-1825c5a254df,2024-09-12T16:18:47.623864+00:00,disturbance
s3s5,31,Hand hygiene,complete,a9746dcf-1c19-49b5-a991-1825c5a254df,2024-09-12T16:19:09.924934+00:00,disturbance
s3s5,32,Donor check-out,start,78919e82-a835-4a3c-be8e-26f9a1d5f01e,2024-09-12T16:19:10.658923+00:00,disturbance
s3s5,33,Donor check-out,complete,78919e82-a835-4a3c-be8e-26f9a1d5f01e,2024-09-12T16:19:13.640329+00:00,disturbance
s3s5,34,Take out samples,start,d6f16c0b-1505-4912-9643-211354bbae7b,2024-09-12T16:19:14.599370+00:00,disturbance
s3s5,35,Take out samples,complete,d6f16c0b-1505-4912-9643-211354bbae7b,2024-09-12T16:19:22.804228+00:00,disturbance
s3s5,36,Hand hygiene,start,a9746dcf-1c19-49b5-a991-1825c5a254df,2024-09-12T16:19:26.675974+00:00,disturbance
s3s5,37,Hand hygiene,complete,a9746dcf-1c19-49b5-a991-1825c5a254df,2024-09-12T16:19:35.685149+00:00,disturbance
s3s5,38,HCW check-out,start,0c7fb620-c047-4af0-9da0-59e22fa5e8c4,2024-09-12T16:19:36.494614+00:00,disturbance
s3s5,39,HCW check-out,complete,0c7fb620-c047-4af0-9da0-59e22fa5e8c4,2024-09-12T16:19:39.728456+00:00,disturbance
s3s6,0,Donor check-in,start,22f61825-4b49-429a-969e-e29ee63b6fec,2024-09-12T16:21:15.836680+00:00,disturbance
s3s6,1,Donor check-in,complete,22f61825-4b49-429a-969e-e29ee63b6fec,2024-09-12T16:21:21.220594+00:00,disturbance
s3s6,2,HCW check-in,start,dba4cb73-052c-4539-8ab6-033cefa764d1,2024-09-12T16:21:29.156745+00:00,disturbance
s3s6,3,HCW check-in,complete,dba4cb73-052c-4539-8ab6-033cefa764d1,2024-09-12T16:21:33.557051+00:00,disturbance
s3s6,4,Hand hygiene,start,a9746dcf-1c19-49b5-a991-1825c5a254df,2024-09-12T16:21:36.463605+00:00,disturbance
s3s6,5,Hand hygiene,complete,a9746dcf-1c19-49b5-a991-1825c5a254df,2024-09-12T16:22:21.428802+00:00,disturbance
s3s6,6,Check blood drawing machine,start,623ca3c4-f655-43e6-96d1-43204d73a687,2024-09-12T16:22:22.961770+00:00,disturbance
s3s6,7,Check blood drawing machine,complete,623ca3c4-f655-43e6-96d1-43204d73a687,2024-09-12T16:22:26.746908+00:00,disturbance
s3s6,8,Disturbance,start,ec58a535-87c3-434e-884a-b70d7833c4be,2024-09-12T16:22:43.875007+00:00,disturbance
s3s6,9,Disturbance,complete,ec58a535-87c3-434e-884a-b70d7833c4be,2024-09-12T16:22:49.748130+00:00,disturbance
s3s6,10,Hand hygiene,start,a9746dcf-1c19-49b5-a991-1825c5a254df,2024-09-12T16:22:52.014789+00:00,disturbance
s3s6,11,Hand hygiene,complete,a9746dcf-1c19-49b5-a991-1825c5a254df,2024-09-12T16:23:29.032959+00:00,disturbance
s3s6,12,Apply tourniquet,start,2761bc54-2a4b-49e1-970f-13b3ba4cbb85,2024-09-12T16:23:30.184776+00:00,disturbance
s3s6,13,Apply tourniquet,complete,2761bc54-2a4b-49e1-970f-13b3ba4cbb85,2024-09-12T16:23:39.330432+00:00,disturbance
s3s6,14,Hand hygiene,start,a9746dcf-1c19-49b5-a991-1825c5a254df,2024-09-12T16:23:41.857019+00:00,disturbance
s3s6,15,Hand hygiene,complete,a9746dcf-1c19-49b5-a991-1825c5a254df,2024-09-12T16:25:18.493832+00:00,disturbance
s3s6,16,Disinfect injection site,start,6e3a9efe-a92d-4a1d-9f8a-d79934113536,2024-09-12T16:25:19.228460+00:00,disturbance
s3s6,17,Disinfect injection site,complete,6e3a9efe-a92d-4a1d-9f8a-d79934113536,2024-09-12T16:25:32.950681+00:00,disturbance
s3s6,18,Insert needle,start,3b64b884-530c-4710-b45e-b1c398df662a,2024-09-12T16:25:40.167103+00:00,disturbance
s3s6,19,Insert needle,complete,3b64b884-530c-4710-b45e-b1c398df662a,2024-09-12T16:25:52.055409+00:00,disturbance
s3s6,20,Remove tourniquet,start,7890273e-a326-481a-99e3-b72714b9c960,2024-09-12T16:26:02.654432+00:00,disturbance
s3s6,21,Remove tourniquet,complete,7890273e-a326-481a-99e3-b72714b9c960,2024-09-12T16:26:07.302535+00:00,disturbance
s3s6,22,Start blood drawing machine,start,e6d1c5ae-42cf-46a4-abbd-1dea4b69c6f6,2024-09-12T16:26:10.712375+00:00,disturbance
s3s6,23,Start blood drawing machine,complete,e6d1c5ae-42cf-46a4-abbd-1dea4b69c6f6,2024-09-12T16:26:14.073367+00:00,disturbance
s3s6,24,Monitor patient,start,e66e3b20-ef0a-4870-9768-7693c3c63166,2024-09-12T16:26:23.540929+00:00,disturbance
s3s6,25,Monitor patient,complete,e66e3b20-ef0a-4870-9768-7693c3c63166,2024-09-12T16:26:26.762562+00:00,disturbance
s3s6,26,Stop blood drawing machine,start,79f6925a-bb13-4530-94e5-540ce56ce6ca,2024-09-12T16:26:29.354444+00:00,disturbance
s3s6,27,Stop blood drawing machine,complete,79f6925a-bb13-4530-94e5-540ce56ce6ca,2024-09-12T16:26:32.469759+00:00,disturbance
s3s6,28,Remove needle,start,9b86c465-fc6d-4c8c-a3f8-76b5840e74f7,2024-09-12T16:26:38.906312+00:00,disturbance
s3s6,29,Remove needle,complete,9b86c465-fc6d-4c8c-a3f8-76b5840e74f7,2024-09-12T16:26:52.513378+00:00,disturbance
s3s6,30,Hand hygiene,start,a9746dcf-1c19-49b5-a991-1825c5a254df,2024-09-12T16:26:54.507943+00:00,disturbance
s3s6,31,Hand hygiene,complete,a9746dcf-1c19-49b5-a991-1825c5a254df,2024-09-12T16:27:37.102136+00:00,disturbance
s3s6,32,Donor check-out,start,78919e82-a835-4a3c-be8e-26f9a1d5f01e,2024-09-12T16:27:41.404849+00:00,disturbance
s3s6,33,Donor check-out,complete,78919e82-a835-4a3c-be8e-26f9a1d5f01e,2024-09-12T16:27:46.470796+00:00,disturbance
s3s6,34,Take out samples,start,d6f16c0b-1505-4912-9643-211354bbae7b,2024-09-12T16:27:48.662219+00:00,disturbance
s3s6,35,Take out samples,complete,d6f16c0b-1505-4912-9643-211354bbae7b,2024-09-12T16:28:01.570224+00:00,disturbance
s3s6,36,Hand hygiene,start,a9746dcf-1c19-49b5-a991-1825c5a254df,2024-09-12T16:28:03.445081+00:00,disturbance
s3s6,37,Hand hygiene,complete,a9746dcf-1c19-49b5-a991-1825c5a254df,2024-09-12T16:28:44.025879+00:00,disturbance
s3s6,38,HCW check-out,start,0c7fb620-c047-4af0-9da0-59e22fa5e8c4,2024-09-12T16:28:45.173153+00:00,disturbance
s3s6,39,HCW check-out,complete,0c7fb620-c047-4af0-9da0-59e22fa5e8c4,2024-09-12T16:28:47.952048+00:00,disturbance
s3s7,0,Donor check-in,start,22f61825-4b49-429a-969e-e29ee63b6fec,2024-09-12T16:30:40.980571+00:00,basic
s3s7,1,Donor check-in,complete,22f61825-4b49-429a-969e-e29ee63b6fec,2024-09-12T16:30:46.067694+00:00,basic
s3s7,2,Donor check-in,start,22f61825-4b49-429a-969e-e29ee63b6fec,2024-09-12T16:30:47.594637+00:00,basic
s3s7,3,Donor check-in,complete,22f61825-4b49-429a-969e-e29ee63b6fec,2024-09-12T16:30:50.386315+00:00,basic
s3s7,4,HCW check-in,start,dba4cb73-052c-4539-8ab6-033cefa764d1,2024-09-12T16:30:53.080288+00:00,basic
s3s7,5,HCW check-in,complete,dba4cb73-052c-4539-8ab6-033cefa764d1,2024-09-12T16:31:01.467235+00:00,basic
s3s7,6,Hand hygiene,start,a9746dcf-1c19-49b5-a991-1825c5a254df,2024-09-12T16:31:04.560491+00:00,basic
s3s7,7,Hand hygiene,complete,a9746dcf-1c19-49b5-a991-1825c5a254df,2024-09-12T16:31:31.662366+00:00,basic
s3s7,8,Check blood drawing machine,start,623ca3c4-f655-43e6-96d1-43204d73a687,2024-09-12T16:31:33.691751+00:00,basic
s3s7,9,Check blood drawing machine,complete,623ca3c4-f655-43e6-96d1-43204d73a687,2024-09-12T16:31:38.114246+00:00,basic
s3s7,10,Apply tourniquet,start,2761bc54-2a4b-49e1-970f-13b3ba4cbb85,2024-09-12T16:31:43.573437+00:00,basic
s3s7,11,Apply tourniquet,complete,2761bc54-2a4b-49e1-970f-13b3ba4cbb85,2024-09-12T16:31:51.483528+00:00,basic
s3s7,12,Hand hygiene,start,a9746dcf-1c19-49b5-a991-1825c5a254df,2024-09-12T16:31:53.289909+00:00,basic
s3s7,13,Hand hygiene,complete,a9746dcf-1c19-49b5-a991-1825c5a254df,2024-09-12T16:32:43.562762+00:00,basic
s3s7,14,Disinfect injection site,start,6e3a9efe-a92d-4a1d-9f8a-d79934113536,2024-09-12T16:32:44.098302+00:00,basic
s3s7,15,Disinfect injection site,complete,6e3a9efe-a92d-4a1d-9f8a-d79934113536,2024-09-12T16:32:56.761132+00:00,basic
s3s7,16,Insert needle,start,3b64b884-530c-4710-b45e-b1c398df662a,2024-09-12T16:33:00.356848+00:00,basic
s3s7,17,Insert needle,complete,3b64b884-530c-4710-b45e-b1c398df662a,2024-09-12T16:33:11.834498+00:00,basic
s3s7,18,Remove tourniquet,start,7890273e-a326-481a-99e3-b72714b9c960,2024-09-12T16:33:18.823611+00:00,basic
s3s7,19,Remove tourniquet,complete,7890273e-a326-481a-99e3-b72714b9c960,2024-09-12T16:33:24.145592+00:00,basic
s3s7,20,Start blood drawing machine,start,e6d1c5ae-42cf-46a4-abbd-1dea4b69c6f6,2024-09-12T16:33:26.850432+00:00,basic
s3s7,21,Start blood drawing machine,complete,e6d1c5ae-42cf-46a4-abbd-1dea4b69c6f6,2024-09-12T16:33:29.370029+00:00,basic
s3s7,22,Hand hygiene,start,a9746dcf-1c19-49b5-a991-1825c5a254df,2024-09-12T16:33:31.624015+00:00,basic
s3s7,23,Hand hygiene,complete,a9746dcf-1c19-49b5-a991-1825c5a254df,2024-09-12T16:34:10.534068+00:00,basic
s3s7,24,Check blood drawing machine,start,623ca3c4-f655-43e6-96d1-43204d73a687,2024-09-12T16:34:12.174012+00:00,basic
s3s7,25,Check blood drawing machine,complete,623ca3c4-f655-43e6-96d1-43204d73a687,2024-09-12T16:34:16.707293+00:00,basic
s3s7,26,Apply tourniquet,start,2761bc54-2a4b-49e1-970f-13b3ba4cbb85,2024-09-12T16:34:20.925225+00:00,basic
s3s7,27,Apply tourniquet,complete,2761bc54-2a4b-49e1-970f-13b3ba4cbb85,2024-09-12T16:34:27.160950+00:00,basic
s3s7,28,Hand hygiene,start,a9746dcf-1c19-49b5-a991-1825c5a254df,2024-09-12T16:34:28.854626+00:00,basic
s3s7,29,Hand hygiene,complete,a9746dcf-1c19-49b5-a991-1825c5a254df,2024-09-12T16:35:26.246284+00:00,basic
s3s7,30,Disinfect injection site,start,6e3a9efe-a92d-4a1d-9f8a-d79934113536,2024-09-12T16:35:26.974021+00:00,basic
s3s7,31,Disinfect injection site,complete,6e3a9efe-a92d-4a1d-9f8a-d79934113536,2024-09-12T16:35:33.881063+00:00,basic
s3s7,32,Insert needle,start,3b64b884-530c-4710-b45e-b1c398df662a,2024-09-12T16:35:39.976101+00:00,basic
s3s7,33,Insert needle,complete,3b64b884-530c-4710-b45e-b1c398df662a,2024-09-12T16:35:49.724308+00:00,basic
s3s7,34,Remove tourniquet,start,7890273e-a326-481a-99e3-b72714b9c960,2024-09-12T16:35:50.187739+00:00,basic
s3s7,35,Remove tourniquet,complete,7890273e-a326-481a-99e3-b72714b9c960,2024-09-12T16:35:55.751302+00:00,basic
s3s7,36,Start blood drawing machine,start,e6d1c5ae-42cf-46a4-abbd-1dea4b69c6f6,2024-09-12T16:36:00.392062+00:00,basic
s3s7,37,Start blood drawing machine,complete,e6d1c5ae-42cf-46a4-abbd-1dea4b69c6f6,2024-09-12T16:36:01.526704+00:00,basic
s3s7,38,Monitor patient,start,e66e3b20-ef0a-4870-9768-7693c3c63166,2024-09-12T16:36:13.838901+00:00,basic
s3s7,39,Monitor patient,complete,e66e3b20-ef0a-4870-9768-7693c3c63166,2024-09-12T16:36:21.237180+00:00,basic
s3s7,40,Stop blood drawing machine,start,79f6925a-bb13-4530-94e5-540ce56ce6ca,2024-09-12T16:36:27.321821+00:00,basic
s3s7,41,Stop blood drawing machine,complete,79f6925a-bb13-4530-94e5-540ce56ce6ca,2024-09-12T16:36:29.737448+00:00,basic
s3s7,42,Remove needle,start,9b86c465-fc6d-4c8c-a3f8-76b5840e74f7,2024-09-12T16:36:32.985980+00:00,basic
s3s7,43,Remove needle,complete,9b86c465-fc6d-4c8c-a3f8-76b5840e74f7,2024-09-12T16:36:45.422798+00:00,basic
s3s7,44,Hand hygiene,start,a9746dcf-1c19-49b5-a991-1825c5a254df,2024-09-12T16:36:46.325183+00:00,basic
s3s7,45,Hand hygiene,complete,a9746dcf-1c19-49b5-a991-1825c5a254df,2024-09-12T16:37:19.904424+00:00,basic
s3s7,46,Donor check-out,start,78919e82-a835-4a3c-be8e-26f9a1d5f01e,2024-09-12T16:37:22.879574+00:00,basic
s3s7,47,Donor check-out,complete,78919e82-a835-4a3c-be8e-26f9a1d5f01e,2024-09-12T16:37:26.086204+00:00,basic
s3s7,48,Take out samples,start,d6f16c0b-1505-4912-9643-211354bbae7b,2024-09-12T16:37:27.366738+00:00,basic
s3s7,49,Take out samples,complete,d6f16c0b-1505-4912-9643-211354bbae7b,2024-09-12T16:37:34.780747+00:00,basic
s3s7,50,Hand hygiene,start,a9746dcf-1c19-49b5-a991-1825c5a254df,2024-09-12T16:37:41.634557+00:00,basic
s3s7,51,Hand hygiene,complete,a9746dcf-1c19-49b5-a991-1825c5a254df,2024-09-12T16:38:24.971591+00:00,basic
s3s7,52,Monitor patient,start,e66e3b20-ef0a-4870-9768-7693c3c63166,2024-09-12T16:38:26.497726+00:00,basic
s3s7,53,Stop blood drawing machine,start,79f6925a-bb13-4530-94e5-540ce56ce6ca,2024-09-12T16:38:29.283589+00:00,basic
s3s7,54,Stop blood drawing machine,complete,79f6925a-bb13-4530-94e5-540ce56ce6ca,2024-09-12T16:38:30.046693+00:00,basic
s3s7,55,Monitor patient,complete,e66e3b20-ef0a-4870-9768-7693c3c63166,2024-09-12T16:38:30.690505+00:00,basic
s3s7,56,Remove needle,start,9b86c465-fc6d-4c8c-a3f8-76b5840e74f7,2024-09-12T16:38:32.286265+00:00,basic
s3s7,57,Remove needle,complete,9b86c465-fc6d-4c8c-a3f8-76b5840e74f7,2024-09-12T16:38:41.652128+00:00,basic
s3s7,58,Hand hygiene,start,a9746dcf-1c19-49b5-a991-1825c5a254df,2024-09-12T16:38:42.574139+00:00,basic
s3s7,59,Hand hygiene,complete,a9746dcf-1c19-49b5-a991-1825c5a254df,2024-09-12T16:39:18.018055+00:00,basic
s3s7,60,Donor check-out,start,78919e82-a835-4a3c-be8e-26f9a1d5f01e,2024-09-12T16:39:19.399343+00:00,basic
s3s7,61,Donor check-out,complete,78919e82-a835-4a3c-be8e-26f9a1d5f01e,2024-09-12T16:39:21.951904+00:00,basic
s3s7,62,Take out samples,start,d6f16c0b-1505-4912-9643-211354bbae7b,2024-09-12T16:39:23.416975+00:00,basic
s3s7,63,Take out samples,complete,d6f16c0b-1505-4912-9643-211354bbae7b,2024-09-12T16:39:31.391746+00:00,basic
s3s7,64,Hand hygiene,start,a9746dcf-1c19-49b5-a991-1825c5a254df,2024-09-12T16:39:35.935657+00:00,basic
s3s7,65,Hand hygiene,complete,a9746dcf-1c19-49b5-a991-1825c5a254df,2024-09-12T16:40:01.463029+00:00,basic
s3s7,66,HCW check-out,start,0c7fb620-c047-4af0-9da0-59e22fa5e8c4,2024-09-12T16:40:02.686304+00:00,basic
s3s7,67,HCW check-out,complete,0c7fb620-c047-4af0-9da0-59e22fa5e8c4,2024-09-12T16:40:04.787178+00:00,basic
s3s8,0,Donor check-in,start,22f61825-4b49-429a-969e-e29ee63b6fec,2024-09-12T16:41:29.545221+00:00,disturbance
s3s8,1,Donor check-in,complete,22f61825-4b49-429a-969e-e29ee63b6fec,2024-09-12T16:41:36.363421+00:00,disturbance
s3s8,2,HCW check-in,start,dba4cb73-052c-4539-8ab6-033cefa764d1,2024-09-12T16:41:38.728134+00:00,disturbance
s3s8,3,HCW check-in,complete,dba4cb73-052c-4539-8ab6-033cefa764d1,2024-09-12T16:41:42.816510+00:00,disturbance
s3s8,4,Hand hygiene,start,a9746dcf-1c19-49b5-a991-1825c5a254df,2024-09-12T16:41:43.801660+00:00,disturbance
s3s8,5,Hand hygiene,complete,a9746dcf-1c19-49b5-a991-1825c5a254df,2024-09-12T16:42:01.364449+00:00,disturbance
s3s8,6,Check blood drawing machine,start,623ca3c4-f655-43e6-96d1-43204d73a687,2024-09-12T16:42:02.414328+00:00,disturbance
s3s8,7,Check blood drawing machine,complete,623ca3c4-f655-43e6-96d1-43204d73a687,2024-09-12T16:42:07.468839+00:00,disturbance
s3s8,8,Disturbance,start,ec58a535-87c3-434e-884a-b70d7833c4be,2024-09-12T16:42:14.108070+00:00,disturbance
s3s8,9,Disturbance,complete,ec58a535-87c3-434e-884a-b70d7833c4be,2024-09-12T16:42:16.040048+00:00,disturbance
s3s8,10,Hand hygiene,start,a9746dcf-1c19-49b5-a991-1825c5a254df,2024-09-12T16:42:17.853167+00:00,disturbance
s3s8,11,Hand hygiene,complete,a9746dcf-1c19-49b5-a991-1825c5a254df,2024-09-12T16:42:36.125330+00:00,disturbance
s3s8,12,Apply tourniquet,start,2761bc54-2a4b-49e1-970f-13b3ba4cbb85,2024-09-12T16:42:38.268552+00:00,disturbance
s3s8,13,Apply tourniquet,complete,2761bc54-2a4b-49e1-970f-13b3ba4cbb85,2024-09-12T16:42:44.957621+00:00,disturbance
s3s8,14,Hand hygiene,start,a9746dcf-1c19-49b5-a991-1825c5a254df,2024-09-12T16:42:47.434179+00:00,disturbance
s3s8,15,Hand hygiene,complete,a9746dcf-1c19-49b5-a991-1825c5a254df,2024-09-12T16:43:28.341387+00:00,disturbance
s3s8,16,Disinfect injection site,start,6e3a9efe-a92d-4a1d-9f8a-d79934113536,2024-09-12T16:43:29.415999+00:00,disturbance
s3s8,17,Disinfect injection site,complete,6e3a9efe-a92d-4a1d-9f8a-d79934113536,2024-09-12T16:43:41.848144+00:00,disturbance
s3s8,18,Insert needle,start,3b64b884-530c-4710-b45e-b1c398df662a,2024-09-12T16:43:44.827901+00:00,disturbance
s3s8,19,Insert needle,complete,3b64b884-530c-4710-b45e-b1c398df662a,2024-09-12T16:43:54.696461+00:00,disturbance
s3s8,20,Remove tourniquet,start,7890273e-a326-481a-99e3-b72714b9c960,2024-09-12T16:44:01.373463+00:00,disturbance
s3s8,21,Remove tourniquet,complete,7890273e-a326-481a-99e3-b72714b9c960,2024-09-12T16:44:05.005245+00:00,disturbance
s3s8,22,Start blood drawing machine,start,e6d1c5ae-42cf-46a4-abbd-1dea4b69c6f6,2024-09-12T16:44:07.767981+00:00,disturbance
s3s8,23,Start blood drawing machine,complete,e6d1c5ae-42cf-46a4-abbd-1dea4b69c6f6,2024-09-12T16:44:11.415042+00:00,disturbance
s3s8,24,Monitor patient,start,e66e3b20-ef0a-4870-9768-7693c3c63166,2024-09-12T16:44:17.253036+00:00,disturbance
s3s8,25,Monitor patient,complete,e66e3b20-ef0a-4870-9768-7693c3c63166,2024-09-12T16:44:20.641756+00:00,disturbance
s3s8,26,Stop blood drawing machine,start,79f6925a-bb13-4530-94e5-540ce56ce6ca,2024-09-12T16:44:24.754250+00:00,disturbance
s3s8,27,Stop blood drawing machine,complete,79f6925a-bb13-4530-94e5-540ce56ce6ca,2024-09-12T16:44:27.702905+00:00,disturbance
s3s8,28,Remove needle,start,9b86c465-fc6d-4c8c-a3f8-76b5840e74f7,2024-09-12T16:44:31.885928+00:00,disturbance
s3s8,29,Remove needle,complete,9b86c465-fc6d-4c8c-a3f8-76b5840e74f7,2024-09-12T16:44:40.683574+00:00,disturbance
s3s8,30,Hand hygiene,start,a9746dcf-1c19-49b5-a991-1825c5a254df,2024-09-12T16:44:43.915755+00:00,disturbance
s3s8,31,Hand hygiene,complete,a9746dcf-1c19-49b5-a991-1825c5a254df,2024-09-12T16:45:13.950664+00:00,disturbance
s3s8,32,Donor check-out,start,78919e82-a835-4a3c-be8e-26f9a1d5f01e,2024-09-12T16:45:15.342814+00:00,disturbance
s3s8,33,Donor check-out,complete,78919e82-a835-4a3c-be8e-26f9a1d5f01e,2024-09-12T16:45:20.565397+00:00,disturbance
s3s8,34,Take out samples,start,d6f16c0b-1505-4912-9643-211354bbae7b,2024-09-12T16:45:23.293981+00:00,disturbance
s3s8,35,Take out samples,complete,d6f16c0b-1505-4912-9643-211354bbae7b,2024-09-12T16:45:31.707941+00:00,disturbance
s3s8,36,Hand hygiene,start,a9746dcf-1c19-49b5-a991-1825c5a254df,2024-09-12T16:45:33.079646+00:00,disturbance
s3s8,37,Hand hygiene,complete,a9746dcf-1c19-49b5-a991-1825c5a254df,2024-09-12T16:45:58.825032+00:00,disturbance
s3s8,38,HCW check-out,start,0c7fb620-c047-4af0-9da0-59e22fa5e8c4,2024-09-12T16:45:59.723894+00:00,disturbance
s3s8,39,HCW check-out,complete,0c7fb620-c047-4af0-9da0-59e22fa5e8c4,2024-09-12T16:46:02.883889+00:00,disturbance
s4s1,0,Donor check-in,start,dd1d0729-adc6-4d45-8f63-a304fade33b8,2024-09-13T10:53:39.619624+00:00,basic
s4s1,1,Donor check-in,complete,dd1d0729-adc6-4d45-8f63-a304fade33b8,2024-09-13T10:53:42.328308+00:00,basic
s4s1,2,HCW check-in,start,795e7cb5-28c4-4018-8287-abaeeba50797,2024-09-13T10:53:45.377379+00:00,basic
s4s1,3,HCW check-in,complete,795e7cb5-28c4-4018-8287-abaeeba50797,2024-09-13T10:53:47.711011+00:00,basic
s4s1,4,Hand hygiene,start,dbfceff6-114c-453f-a3b7-79d374cf23b7,2024-09-13T10:53:48.888211+00:00,basic
s4s1,5,Hand hygiene,complete,dbfceff6-114c-453f-a3b7-79d374cf23b7,2024-09-13T10:54:04.541621+00:00,basic
s4s1,6,Check blood drawing machine,start,c0bb52cb-913b-416b-9d04-647704cd0730,2024-09-13T10:54:05.277575+00:00,basic
s4s1,7,Check blood drawing machine,complete,c0bb52cb-913b-416b-9d04-647704cd0730,2024-09-13T10:54:09.304868+00:00,basic
s4s1,8,Apply tourniquet,start,ecf31e86-5b9f-419f-9822-ac505d6280cd,2024-09-13T10:54:21.676000+00:00,basic
s4s1,9,Apply tourniquet,complete,ecf31e86-5b9f-419f-9822-ac505d6280cd,2024-09-13T10:54:30.116568+00:00,basic
s4s1,10,Hand hygiene,start,dbfceff6-114c-453f-a3b7-79d374cf23b7,2024-09-13T10:54:30.922438+00:00,basic
s4s1,11,Hand hygiene,complete,dbfceff6-114c-453f-a3b7-79d374cf23b7,2024-09-13T10:55:03.023760+00:00,basic
s4s1,12,Disinfect injection site,start,7f123b7a-e589-47ff-b1df-40ea79f02dde,2024-09-13T10:55:03.512133+00:00,basic
s4s1,13,Disinfect injection site,complete,7f123b7a-e589-47ff-b1df-40ea79f02dde,2024-09-13T10:55:11.730104+00:00,basic
s4s1,14,Insert needle,start,4d25e9ba-0a27-4892-8fea-4585afec0dde,2024-09-13T10:55:16.808674+00:00,basic
s4s1,15,Insert needle,complete,4d25e9ba-0a27-4892-8fea-4585afec0dde,2024-09-13T10:55:27.811406+00:00,basic
s4s1,16,Remove tourniquet,start,6cb2bfbe-0115-437b-a73b-c0a5d8536608,2024-09-13T10:55:29.755282+00:00,basic
s4s1,17,Remove tourniquet,complete,6cb2bfbe-0115-437b-a73b-c0a5d8536608,2024-09-13T10:55:36.212380+00:00,basic
s4s1,18,Start blood drawing machine,start,d5714ff5-766e-4079-b29e-0459f23f8e6d,2024-09-13T10:55:41.069784+00:00,basic
s4s1,19,Start blood drawing machine,complete,d5714ff5-766e-4079-b29e-0459f23f8e6d,2024-09-13T10:55:44.060294+00:00,basic
s4s1,20,Monitor patient,start,04dab58e-2d4c-4c14-9dfa-c8516d6d9325,2024-09-13T10:55:48.340144+00:00,basic
s4s1,21,Monitor patient,complete,04dab58e-2d4c-4c14-9dfa-c8516d6d9325,2024-09-13T10:55:53.776890+00:00,basic
s4s1,22,Stop blood drawing machine,start,cb1d10db-8766-4026-b1d2-f0093fb98d55,2024-09-13T10:55:58.323028+00:00,basic
s4s1,23,Stop blood drawing machine,complete,cb1d10db-8766-4026-b1d2-f0093fb98d55,2024-09-13T10:56:00.031834+00:00,basic
s4s1,24,Remove needle,start,96dab68c-e538-40e4-9cdb-fae937ed314e,2024-09-13T10:56:01.037708+00:00,basic
s4s1,25,Remove needle,complete,96dab68c-e538-40e4-9cdb-fae937ed314e,2024-09-13T10:56:16.000386+00:00,basic
s4s1,26,Hand hygiene,start,dbfceff6-114c-453f-a3b7-79d374cf23b7,2024-09-13T10:56:17.585435+00:00,basic
s4s1,27,Hand hygiene,complete,dbfceff6-114c-453f-a3b7-79d374cf23b7,2024-09-13T10:56:41.775715+00:00,basic
s4s1,28,Donor check-out,start,7cc29cf8-f408-4538-a6d6-3571891ea0db,2024-09-13T10:56:42.751605+00:00,basic
s4s1,29,Donor check-out,complete,7cc29cf8-f408-4538-a6d6-3571891ea0db,2024-09-13T10:56:47.030411+00:00,basic
s4s1,30,Take out samples,start,44f8fdc7-a383-4e00-b093-5bfab4f27d1c,2024-09-13T10:56:50.282710+00:00,basic
s4s1,31,Take out samples,complete,44f8fdc7-a383-4e00-b093-5bfab4f27d1c,2024-09-13T10:57:02.015862+00:00,basic
s4s1,32,Hand hygiene,start,dbfceff6-114c-453f-a3b7-79d374cf23b7,2024-09-13T10:57:05.532905+00:00,basic
s4s1,33,Hand hygiene,complete,dbfceff6-114c-453f-a3b7-79d374cf23b7,2024-09-13T10:57:26.491863+00:00,basic
s4s1,34,HCW check-out,start,1b6d505c-2da1-45b1-ab9b-70978ec5432c,2024-09-13T10:57:27.857536+00:00,basic
s4s1,35,HCW check-out,complete,1b6d505c-2da1-45b1-ab9b-70978ec5432c,2024-09-13T10:57:30.815647+00:00,basic
s4s2,0,Donor check-in,start,dd1d0729-adc6-4d45-8f63-a304fade33b8,2024-09-13T10:59:49.860642+00:00,disturbance
s4s2,1,Donor check-in,complete,dd1d0729-adc6-4d45-8f63-a304fade33b8,2024-09-13T10:59:54.076589+00:00,disturbance
s4s2,2,HCW check-in,start,795e7cb5-28c4-4018-8287-abaeeba50797,2024-09-13T10:59:57.575799+00:00,disturbance
s4s2,3,HCW check-in,complete,795e7cb5-28c4-4018-8287-abaeeba50797,2024-09-13T11:00:00.056935+00:00,disturbance
s4s2,4,Hand hygiene,start,dbfceff6-114c-453f-a3b7-79d374cf23b7,2024-09-13T11:00:00.677487+00:00,disturbance
s4s2,5,Hand hygiene,complete,dbfceff6-114c-453f-a3b7-79d374cf23b7,2024-09-13T11:00:08.530961+00:00,disturbance
s4s2,6,Check blood drawing machine,start,c0bb52cb-913b-416b-9d04-647704cd0730,2024-09-13T11:00:09.123546+00:00,disturbance
s4s2,7,Check blood drawing machine,complete,c0bb52cb-913b-416b-9d04-647704cd0730,2024-09-13T11:00:11.418528+00:00,disturbance
s4s2,8,Hand hygiene,start,dbfceff6-114c-453f-a3b7-79d374cf23b7,2024-09-13T11:00:17.465381+00:00,disturbance
s4s2,9,Disturbance,start,b66fea1b-5483-496a-b810-0d9ace55fa8b,2024-09-13T11:00:18.245898+00:00,disturbance
s4s2,10,Disturbance,complete,b66fea1b-5483-496a-b810-0d9ace55fa8b,2024-09-13T11:00:18.480057+00:00,disturbance
s4s2,11,Hand hygiene,complete,dbfceff6-114c-453f-a3b7-79d374cf23b7,2024-09-13T11:00:26.135863+00:00,disturbance
s4s2,12,Apply tourniquet,start,ecf31e86-5b9f-419f-9822-ac505d6280cd,2024-09-13T11:00:27.079803+00:00,disturbance
s4s2,13,Apply tourniquet,complete,ecf31e86-5b9f-419f-9822-ac505d6280cd,2024-09-13T11:00:33.501506+00:00,disturbance
s4s2,14,Hand hygiene,start,dbfceff6-114c-453f-a3b7-79d374cf23b7,2024-09-13T11:00:34.384152+00:00,disturbance
s4s2,15,Hand hygiene,complete,dbfceff6-114c-453f-a3b7-79d374cf23b7,2024-09-13T11:00:59.202749+00:00,disturbance
s4s2,16,Disinfect injection site,start,7f123b7a-e589-47ff-b1df-40ea79f02dde,2024-09-13T11:00:59.786375+00:00,disturbance
s4s2,17,Disinfect injection site,complete,7f123b7a-e589-47ff-b1df-40ea79f02dde,2024-09-13T11:01:09.717363+00:00,disturbance
s4s2,18,Insert needle,start,4d25e9ba-0a27-4892-8fea-4585afec0dde,2024-09-13T11:01:10.692980+00:00,disturbance
s4s2,19,Insert needle,complete,4d25e9ba-0a27-4892-8fea-4585afec0dde,2024-09-13T11:01:18.828463+00:00,disturbance
s4s2,20,Remove tourniquet,start,6cb2bfbe-0115-437b-a73b-c0a5d8536608,2024-09-13T11:01:21.114003+00:00,disturbance
s4s2,21,Remove tourniquet,complete,6cb2bfbe-0115-437b-a73b-c0a5d8536608,2024-09-13T11:01:25.237748+00:00,disturbance
s4s2,22,Start blood drawing machine,start,d5714ff5-766e-4079-b29e-0459f23f8e6d,2024-09-13T11:01:26.642427+00:00,disturbance
s4s2,23,Start blood drawing machine,complete,d5714ff5-766e-4079-b29e-0459f23f8e6d,2024-09-13T11:01:30.008234+00:00,disturbance
s4s2,24,Monitor patient,start,04dab58e-2d4c-4c14-9dfa-c8516d6d9325,2024-09-13T11:01:38.354094+00:00,disturbance
s4s2,25,Monitor patient,complete,04dab58e-2d4c-4c14-9dfa-c8516d6d9325,2024-09-13T11:01:40.129210+00:00,disturbance
s4s2,26,Stop blood drawing machine,start,cb1d10db-8766-4026-b1d2-f0093fb98d55,2024-09-13T11:01:40.507626+00:00,disturbance
s4s2,27,Stop blood drawing machine,complete,cb1d10db-8766-4026-b1d2-f0093fb98d55,2024-09-13T11:01:42.022415+00:00,disturbance
s4s2,28,Remove needle,start,96dab68c-e538-40e4-9cdb-fae937ed314e,2024-09-13T11:01:43.522905+00:00,disturbance
s4s2,29,Remove needle,complete,96dab68c-e538-40e4-9cdb-fae937ed314e,2024-09-13T11:01:51.428469+00:00,disturbance
s4s2,30,Hand hygiene,start,dbfceff6-114c-453f-a3b7-79d374cf23b7,2024-09-13T11:01:52.289623+00:00,disturbance
s4s2,31,Hand hygiene,complete,dbfceff6-114c-453f-a3b7-79d374cf23b7,2024-09-13T11:02:03.940294+00:00,disturbance
s4s2,32,Donor check-out,start,7cc29cf8-f408-4538-a6d6-3571891ea0db,2024-09-13T11:02:04.778959+00:00,disturbance
s4s2,33,Donor check-out,complete,7cc29cf8-f408-4538-a6d6-3571891ea0db,2024-09-13T11:02:05.762111+00:00,disturbance
s4s2,34,Take out samples,start,44f8fdc7-a383-4e00-b093-5bfab4f27d1c,2024-09-13T11:02:08.655859+00:00,disturbance
s4s2,35,Take out samples,complete,44f8fdc7-a383-4e00-b093-5bfab4f27d1c,2024-09-13T11:02:13.615087+00:00,disturbance
s4s2,36,Hand hygiene,start,dbfceff6-114c-453f-a3b7-79d374cf23b7,2024-09-13T11:02:15.937874+00:00,disturbance
s4s2,37,Hand hygiene,complete,dbfceff6-114c-453f-a3b7-79d374cf23b7,2024-09-13T11:02:20.266670+00:00,disturbance
s4s2,38,HCW check-out,start,1b6d505c-2da1-45b1-ab9b-70978ec5432c,2024-09-13T11:02:21.333263+00:00,disturbance
s4s2,39,HCW check-out,complete,1b6d505c-2da1-45b1-ab9b-70978ec5432c,2024-09-13T11:02:23.765820+00:00,disturbance
s4s3,0,Donor check-in,start,dd1d0729-adc6-4d45-8f63-a304fade33b8,2024-09-13T11:03:57.548922+00:00,disturbance
s4s3,1,Donor check-in,complete,dd1d0729-adc6-4d45-8f63-a304fade33b8,2024-09-13T11:04:00.423045+00:00,disturbance
s4s3,2,HCW check-in,start,795e7cb5-28c4-4018-8287-abaeeba50797,2024-09-13T11:04:03.745932+00:00,disturbance
s4s3,3,HCW check-in,complete,795e7cb5-28c4-4018-8287-abaeeba50797,2024-09-13T11:04:06.070458+00:00,disturbance
s4s3,4,Hand hygiene,start,dbfceff6-114c-453f-a3b7-79d374cf23b7,2024-09-13T11:04:06.737881+00:00,disturbance
s4s3,5,Check blood drawing machine,start,c0bb52cb-913b-416b-9d04-647704cd0730,2024-09-13T11:04:20.090133+00:00,disturbance
s4s3,6,Check blood drawing machine,complete,c0bb52cb-913b-416b-9d04-647704cd0730,2024-09-13T11:04:25.450959+00:00,disturbance
s4s3,7,Hand hygiene,complete,dbfceff6-114c-453f-a3b7-79d374cf23b7,2024-09-13T11:04:25.789404+00:00,disturbance
s4s3,8,Disturbance,start,b66fea1b-5483-496a-b810-0d9ace55fa8b,2024-09-13T11:04:26.506195+00:00,disturbance
s4s3,9,Disturbance,complete,b66fea1b-5483-496a-b810-0d9ace55fa8b,2024-09-13T11:04:33.349600+00:00,disturbance
s4s3,10,Hand hygiene,start,dbfceff6-114c-453f-a3b7-79d374cf23b7,2024-09-13T11:04:35.133467+00:00,disturbance
s4s3,11,Hand hygiene,complete,dbfceff6-114c-453f-a3b7-79d374cf23b7,2024-09-13T11:04:45.753915+00:00,disturbance
s4s3,12,Apply tourniquet,start,ecf31e86-5b9f-419f-9822-ac505d6280cd,2024-09-13T11:04:46.843134+00:00,disturbance
s4s3,13,Apply tourniquet,complete,ecf31e86-5b9f-419f-9822-ac505d6280cd,2024-09-13T11:04:53.212440+00:00,disturbance
s4s3,14,Hand hygiene,start,dbfceff6-114c-453f-a3b7-79d374cf23b7,2024-09-13T11:04:53.845793+00:00,disturbance
s4s3,15,Hand hygiene,complete,dbfceff6-114c-453f-a3b7-79d374cf23b7,2024-09-13T11:05:32.000751+00:00,disturbance
s4s3,16,Disinfect injection site,start,7f123b7a-e589-47ff-b1df-40ea79f02dde,2024-09-13T11:05:32.917958+00:00,disturbance
s4s3,17,Disinfect injection site,complete,7f123b7a-e589-47ff-b1df-40ea79f02dde,2024-09-13T11:05:42.417490+00:00,disturbance
s4s3,18,Insert needle,start,4d25e9ba-0a27-4892-8fea-4585afec0dde,2024-09-13T11:05:45.499669+00:00,disturbance
s4s3,19,Insert needle,complete,4d25e9ba-0a27-4892-8fea-4585afec0dde,2024-09-13T11:05:54.539889+00:00,disturbance
s4s3,20,Remove tourniquet,start,6cb2bfbe-0115-437b-a73b-c0a5d8536608,2024-09-13T11:05:55.615716+00:00,disturbance
s4s3,21,Remove tourniquet,complete,6cb2bfbe-0115-437b-a73b-c0a5d8536608,2024-09-13T11:06:00.008488+00:00,disturbance
s4s3,22,Start blood drawing machine,start,d5714ff5-766e-4079-b29e-0459f23f8e6d,2024-09-13T11:06:00.891382+00:00,disturbance
s4s3,23,Start blood drawing machine,complete,d5714ff5-766e-4079-b29e-0459f23f8e6d,2024-09-13T11:06:02.801264+00:00,disturbance
s4s3,24,Monitor patient,start,04dab58e-2d4c-4c14-9dfa-c8516d6d9325,2024-09-13T11:06:08.415597+00:00,disturbance
s4s3,25,Monitor patient,complete,04dab58e-2d4c-4c14-9dfa-c8516d6d9325,2024-09-13T11:06:12.002086+00:00,disturbance
s4s3,26,Stop blood drawing machine,start,cb1d10db-8766-4026-b1d2-f0093fb98d55,2024-09-13T11:06:13.132809+00:00,disturbance
s4s3,27,Stop blood drawing machine,complete,cb1d10db-8766-4026-b1d2-f0093fb98d55,2024-09-13T11:06:15.106184+00:00,disturbance
s4s3,28,Remove needle,start,96dab68c-e538-40e4-9cdb-fae937ed314e,2024-09-13T11:06:15.657601+00:00,disturbance
s4s3,29,Remove needle,complete,96dab68c-e538-40e4-9cdb-fae937ed314e,2024-09-13T11:06:24.941144+00:00,disturbance
s4s3,30,Hand hygiene,start,dbfceff6-114c-453f-a3b7-79d374cf23b7,2024-09-13T11:06:27.304738+00:00,disturbance
s4s3,31,Hand hygiene,complete,dbfceff6-114c-453f-a3b7-79d374cf23b7,2024-09-13T11:06:40.793228+00:00,disturbance
s4s3,32,Donor check-out,start,7cc29cf8-f408-4538-a6d6-3571891ea0db,2024-09-13T11:06:42.000210+00:00,disturbance
s4s3,33,Donor check-out,complete,7cc29cf8-f408-4538-a6d6-3571891ea0db,2024-09-13T11:06:43.634641+00:00,disturbance
s4s3,34,Take out samples,start,44f8fdc7-a383-4e00-b093-5bfab4f27d1c,2024-09-13T11:06:46.524392+00:00,disturbance
s4s3,35,Take out samples,complete,44f8fdc7-a383-4e00-b093-5bfab4f27d1c,2024-09-13T11:06:53.827069+00:00,disturbance
s4s3,36,Hand hygiene,start,dbfceff6-114c-453f-a3b7-79d374cf23b7,2024-09-13T11:06:56.923149+00:00,disturbance
s4s3,37,Hand hygiene,complete,dbfceff6-114c-453f-a3b7-79d374cf23b7,2024-09-13T11:07:06.548991+00:00,disturbance
s4s3,38,HCW check-out,start,1b6d505c-2da1-45b1-ab9b-70978ec5432c,2024-09-13T11:07:07.403963+00:00,disturbance
s4s3,39,HCW check-out,complete,1b6d505c-2da1-45b1-ab9b-70978ec5432c,2024-09-13T11:07:08.837998+00:00,disturbance
s4s4,0,Donor check-in,start,dd1d0729-adc6-4d45-8f63-a304fade33b8,2024-09-13T11:09:04.765614+00:00,disturbance
s4s4,1,Donor check-in,complete,dd1d0729-adc6-4d45-8f63-a304fade33b8,2024-09-13T11:09:06.599529+00:00,disturbance
s4s4,2,HCW check-in,start,795e7cb5-28c4-4018-8287-abaeeba50797,2024-09-13T11:09:08.453782+00:00,disturbance
s4s4,3,HCW check-in,complete,795e7cb5-28c4-4018-8287-abaeeba50797,2024-09-13T11:09:11.570243+00:00,disturbance
s4s4,4,Hand hygiene,start,dbfceff6-114c-453f-a3b7-79d374cf23b7,2024-09-13T11:09:12.768654+00:00,disturbance
s4s4,5,Hand hygiene,complete,dbfceff6-114c-453f-a3b7-79d374cf23b7,2024-09-13T11:09:20.738362+00:00,disturbance
s4s4,6,Check blood drawing machine,start,c0bb52cb-913b-416b-9d04-647704cd0730,2024-09-13T11:09:21.910240+00:00,disturbance
s4s4,7,Check blood drawing machine,complete,c0bb52cb-913b-416b-9d04-647704cd0730,2024-09-13T11:09:27.232449+00:00,disturbance
s4s4,8,Disturbance,start,b66fea1b-5483-496a-b810-0d9ace55fa8b,2024-09-13T11:09:34.058000+00:00,disturbance
s4s4,9,Disturbance,complete,b66fea1b-5483-496a-b810-0d9ace55fa8b,2024-09-13T11:09:34.499081+00:00,disturbance
s4s4,10,Hand hygiene,start,dbfceff6-114c-453f-a3b7-79d374cf23b7,2024-09-13T11:09:35.518526+00:00,disturbance
s4s4,11,Hand hygiene,complete,dbfceff6-114c-453f-a3b7-79d374cf23b7,2024-09-13T11:09:42.028371+00:00,disturbance
s4s4,12,Apply tourniquet,start,ecf31e86-5b9f-419f-9822-ac505d6280cd,2024-09-13T11:09:45.840652+00:00,disturbance
s4s4,13,Apply tourniquet,complete,ecf31e86-5b9f-419f-9822-ac505d6280cd,2024-09-13T11:09:53.069648+00:00,disturbance
s4s4,14,Hand hygiene,start,dbfceff6-114c-453f-a3b7-79d374cf23b7,2024-09-13T11:09:55.524385+00:00,disturbance
s4s4,15,Hand hygiene,complete,dbfceff6-114c-453f-a3b7-79d374cf23b7,2024-09-13T11:10:46.781197+00:00,disturbance
s4s4,16,Disinfect injection site,start,7f123b7a-e589-47ff-b1df-40ea79f02dde,2024-09-13T11:10:50.329752+00:00,disturbance
s4s4,17,Disinfect injection site,complete,7f123b7a-e589-47ff-b1df-40ea79f02dde,2024-09-13T11:11:02.865305+00:00,disturbance
s4s4,18,Insert needle,start,4d25e9ba-0a27-4892-8fea-4585afec0dde,2024-09-13T11:11:04.437220+00:00,disturbance
s4s4,19,Insert needle,complete,4d25e9ba-0a27-4892-8fea-4585afec0dde,2024-09-13T11:11:13.355791+00:00,disturbance
s4s4,20,Remove tourniquet,start,6cb2bfbe-0115-437b-a73b-c0a5d8536608,2024-09-13T11:11:14.210732+00:00,disturbance
s4s4,21,Remove tourniquet,complete,6cb2bfbe-0115-437b-a73b-c0a5d8536608,2024-09-13T11:11:19.298407+00:00,disturbance
s4s4,22,Start blood drawing machine,start,d5714ff5-766e-4079-b29e-0459f23f8e6d,2024-09-13T11:11:20.241261+00:00,disturbance
s4s4,23,Start blood drawing machine,complete,d5714ff5-766e-4079-b29e-0459f23f8e6d,2024-09-13T11:11:23.963590+00:00,disturbance
s4s4,24,Monitor patient,start,04dab58e-2d4c-4c14-9dfa-c8516d6d9325,2024-09-13T11:11:35.546302+00:00,disturbance
s4s4,25,Monitor patient,complete,04dab58e-2d4c-4c14-9dfa-c8516d6d9325,2024-09-13T11:11:39.930079+00:00,disturbance
s4s4,26,Stop blood drawing machine,start,cb1d10db-8766-4026-b1d2-f0093fb98d55,2024-09-13T11:11:51.568272+00:00,disturbance
s4s4,27,Stop blood drawing machine,complete,cb1d10db-8766-4026-b1d2-f0093fb98d55,2024-09-13T11:11:55.333310+00:00,disturbance
s4s4,28,Remove needle,start,96dab68c-e538-40e4-9cdb-fae937ed314e,2024-09-13T11:11:56.451608+00:00,disturbance
s4s4,29,Remove needle,complete,96dab68c-e538-40e4-9cdb-fae937ed314e,2024-09-13T11:12:06.586069+00:00,disturbance
s4s4,30,Hand hygiene,start,dbfceff6-114c-453f-a3b7-79d374cf23b7,2024-09-13T11:12:07.350985+00:00,disturbance
s4s4,31,Hand hygiene,complete,dbfceff6-114c-453f-a3b7-79d374cf23b7,2024-09-13T11:12:22.798153+00:00,disturbance
s4s4,32,Donor check-out,start,7cc29cf8-f408-4538-a6d6-3571891ea0db,2024-09-13T11:12:23.604091+00:00,disturbance
s4s4,33,Donor check-out,complete,7cc29cf8-f408-4538-a6d6-3571891ea0db,2024-09-13T11:12:24.893191+00:00,disturbance
s4s4,34,Take out samples,start,44f8fdc7-a383-4e00-b093-5bfab4f27d1c,2024-09-13T11:12:27.706033+00:00,disturbance
s4s4,35,Take out samples,complete,44f8fdc7-a383-4e00-b093-5bfab4f27d1c,2024-09-13T11:12:43.302187+00:00,disturbance
s4s4,36,Hand hygiene,start,dbfceff6-114c-453f-a3b7-79d374cf23b7,2024-09-13T11:12:45.049721+00:00,disturbance
s4s4,37,Hand hygiene,complete,dbfceff6-114c-453f-a3b7-79d374cf23b7,2024-09-13T11:12:53.751078+00:00,disturbance
s4s4,38,HCW check-out,start,1b6d505c-2da1-45b1-ab9b-70978ec5432c,2024-09-13T11:12:55.761759+00:00,disturbance
s4s4,39,HCW check-out,complete,1b6d505c-2da1-45b1-ab9b-70978ec5432c,2024-09-13T11:12:57.098968+00:00,disturbance
s4s5,0,Donor check-in,start,dd1d0729-adc6-4d45-8f63-a304fade33b8,2024-09-13T11:15:41.736312+00:00,disturbance
s4s5,1,Donor check-in,complete,dd1d0729-adc6-4d45-8f63-a304fade33b8,2024-09-13T11:15:43.259370+00:00,disturbance
s4s5,2,HCW check-in,start,795e7cb5-28c4-4018-8287-abaeeba50797,2024-09-13T11:15:44.031041+00:00,disturbance
s4s5,3,HCW check-in,complete,795e7cb5-28c4-4018-8287-abaeeba50797,2024-09-13T11:15:45.843067+00:00,disturbance
s4s5,4,Hand hygiene,start,dbfceff6-114c-453f-a3b7-79d374cf23b7,2024-09-13T11:15:46.600552+00:00,disturbance
s4s5,5,Hand hygiene,complete,dbfceff6-114c-453f-a3b7-79d374cf23b7,2024-09-13T11:15:50.047285+00:00,disturbance
s4s5,6,HCW check-in,start,795e7cb5-28c4-4018-8287-abaeeba50797,2024-09-13T11:15:51.632343+00:00,disturbance
s4s5,7,HCW check-in,complete,795e7cb5-28c4-4018-8287-abaeeba50797,2024-09-13T11:15:53.059668+00:00,disturbance
s4s5,8,Hand hygiene,start,dbfceff6-114c-453f-a3b7-79d374cf23b7,2024-09-13T11:15:55.410464+00:00,disturbance
s4s5,9,Hand hygiene,complete,dbfceff6-114c-453f-a3b7-79d374cf23b7,2024-09-13T11:15:59.291445+00:00,disturbance
s4s5,10,Check blood drawing machine,start,c0bb52cb-913b-416b-9d04-647704cd0730,2024-09-13T11:15:59.910916+00:00,disturbance
s4s5,11,Check blood drawing machine,complete,c0bb52cb-913b-416b-9d04-647704cd0730,2024-09-13T11:16:01.220788+00:00,disturbance
s4s5,12,Disturbance,start,b66fea1b-5483-496a-b810-0d9ace55fa8b,2024-09-13T11:16:06.632835+00:00,disturbance
s4s5,13,Disturbance,complete,b66fea1b-5483-496a-b810-0d9ace55fa8b,2024-09-13T11:16:16.331623+00:00,disturbance
s4s5,14,Hand hygiene,start,dbfceff6-114c-453f-a3b7-79d374cf23b7,2024-09-13T11:16:17.687393+00:00,disturbance
s4s5,15,Hand hygiene,complete,dbfceff6-114c-453f-a3b7-79d374cf23b7,2024-09-13T11:16:19.396841+00:00,disturbance
s4s5,16,Apply tourniquet,start,ecf31e86-5b9f-419f-9822-ac505d6280cd,2024-09-13T11:16:27.716488+00:00,disturbance
s4s5,17,Apply tourniquet,complete,ecf31e86-5b9f-419f-9822-ac505d6280cd,2024-09-13T11:16:34.224281+00:00,disturbance
s4s5,18,Hand hygiene,start,dbfceff6-114c-453f-a3b7-79d374cf23b7,2024-09-13T11:16:35.686373+00:00,disturbance
s4s5,19,Hand hygiene,complete,dbfceff6-114c-453f-a3b7-79d374cf23b7,2024-09-13T11:17:08.269465+00:00,disturbance
s4s5,20,Disinfect injection site,start,7f123b7a-e589-47ff-b1df-40ea79f02dde,2024-09-13T11:17:10.067357+00:00,disturbance
s4s5,21,Disinfect injection site,complete,7f123b7a-e589-47ff-b1df-40ea79f02dde,2024-09-13T11:17:20.695295+00:00,disturbance
s4s5,22,Insert needle,start,4d25e9ba-0a27-4892-8fea-4585afec0dde,2024-09-13T11:17:26.892252+00:00,disturbance
s4s5,23,Insert needle,complete,4d25e9ba-0a27-4892-8fea-4585afec0dde,2024-09-13T11:17:36.427058+00:00,disturbance
s4s5,24,Remove tourniquet,start,6cb2bfbe-0115-437b-a73b-c0a5d8536608,2024-09-13T11:17:38.397882+00:00,disturbance
s4s5,25,Remove tourniquet,complete,6cb2bfbe-0115-437b-a73b-c0a5d8536608,2024-09-13T11:17:41.687138+00:00,disturbance
s4s5,26,Start blood drawing machine,start,d5714ff5-766e-4079-b29e-0459f23f8e6d,2024-09-13T11:17:49.377665+00:00,disturbance
s4s5,27,Start blood drawing machine,complete,d5714ff5-766e-4079-b29e-0459f23f8e6d,2024-09-13T11:17:51.215900+00:00,disturbance
s4s5,28,Monitor patient,start,04dab58e-2d4c-4c14-9dfa-c8516d6d9325,2024-09-13T11:17:56.382013+00:00,disturbance
s4s5,29,Monitor patient,complete,04dab58e-2d4c-4c14-9dfa-c8516d6d9325,2024-09-13T11:18:05.171803+00:00,disturbance
s4s5,30,Stop blood drawing machine,start,cb1d10db-8766-4026-b1d2-f0093fb98d55,2024-09-13T11:18:12.218583+00:00,disturbance
s4s5,31,Stop blood drawing machine,complete,cb1d10db-8766-4026-b1d2-f0093fb98d55,2024-09-13T11:18:14.232326+00:00,disturbance
s4s5,32,Remove needle,start,96dab68c-e538-40e4-9cdb-fae937ed314e,2024-09-13T11:18:15.293829+00:00,disturbance
s4s5,33,Remove needle,complete,96dab68c-e538-40e4-9cdb-fae937ed314e,2024-09-13T11:18:34.729531+00:00,disturbance
s4s5,34,Hand hygiene,start,dbfceff6-114c-453f-a3b7-79d374cf23b7,2024-09-13T11:18:36.699656+00:00,disturbance
s4s5,35,Hand hygiene,complete,dbfceff6-114c-453f-a3b7-79d374cf23b7,2024-09-13T11:18:49.608779+00:00,disturbance
s4s5,36,Donor check-out,start,7cc29cf8-f408-4538-a6d6-3571891ea0db,2024-09-13T11:18:51.270802+00:00,disturbance
s4s5,37,Donor check-out,complete,7cc29cf8-f408-4538-a6d6-3571891ea0db,2024-09-13T11:18:52.229022+00:00,disturbance
s4s5,38,Take out samples,start,44f8fdc7-a383-4e00-b093-5bfab4f27d1c,2024-09-13T11:18:54.028859+00:00,disturbance
s4s5,39,Take out samples,complete,44f8fdc7-a383-4e00-b093-5bfab4f27d1c,2024-09-13T11:19:01.614049+00:00,disturbance
s4s5,40,Hand hygiene,start,dbfceff6-114c-453f-a3b7-79d374cf23b7,2024-09-13T11:19:02.627301+00:00,disturbance
s4s5,41,Hand hygiene,complete,dbfceff6-114c-453f-a3b7-79d374cf23b7,2024-09-13T11:19:07.096155+00:00,disturbance
s4s5,42,HCW check-out,start,1b6d505c-2da1-45b1-ab9b-70978ec5432c,2024-09-13T11:19:07.965359+00:00,disturbance
s4s5,43,HCW check-out,complete,1b6d505c-2da1-45b1-ab9b-70978ec5432c,2024-09-13T11:19:10.611594+00:00,disturbance
s4s6,0,Donor check-in,start,dd1d0729-adc6-4d45-8f63-a304fade33b8,2024-09-13T11:20:48.316440+00:00,disturbance
s4s6,1,Donor check-in,complete,dd1d0729-adc6-4d45-8f63-a304fade33b8,2024-09-13T11:20:51.016269+00:00,disturbance
s4s6,2,HCW check-in,start,795e7cb5-28c4-4018-8287-abaeeba50797,2024-09-13T11:20:53.572303+00:00,disturbance
s4s6,3,HCW check-in,complete,795e7cb5-28c4-4018-8287-abaeeba50797,2024-09-13T11:20:56.446248+00:00,disturbance
s4s6,4,Hand hygiene,start,dbfceff6-114c-453f-a3b7-79d374cf23b7,2024-09-13T11:20:57.092838+00:00,disturbance
s4s6,5,Hand hygiene,complete,dbfceff6-114c-453f-a3b7-79d374cf23b7,2024-09-13T11:21:04.108368+00:00,disturbance
s4s6,6,Check blood drawing machine,start,c0bb52cb-913b-416b-9d04-647704cd0730,2024-09-13T11:21:06.030910+00:00,disturbance
s4s6,7,Check blood drawing machine,complete,c0bb52cb-913b-416b-9d04-647704cd0730,2024-09-13T11:21:11.029490+00:00,disturbance
s4s6,8,Disturbance,start,b66fea1b-5483-496a-b810-0d9ace55fa8b,2024-09-13T11:21:13.793688+00:00,disturbance
s4s6,9,Disturbance,complete,b66fea1b-5483-496a-b810-0d9ace55fa8b,2024-09-13T11:21:16.419782+00:00,disturbance
s4s6,10,Hand hygiene,start,dbfceff6-114c-453f-a3b7-79d374cf23b7,2024-09-13T11:21:18.171216+00:00,disturbance
s4s6,11,Hand hygiene,complete,dbfceff6-114c-453f-a3b7-79d374cf23b7,2024-09-13T11:21:23.908628+00:00,disturbance
s4s6,12,Apply tourniquet,start,ecf31e86-5b9f-419f-9822-ac505d6280cd,2024-09-13T11:21:24.548745+00:00,disturbance
s4s6,13,Apply tourniquet,complete,ecf31e86-5b9f-419f-9822-ac505d6280cd,2024-09-13T11:21:31.000709+00:00,disturbance
s4s6,14,Hand hygiene,start,dbfceff6-114c-453f-a3b7-79d374cf23b7,2024-09-13T11:21:32.393844+00:00,disturbance
s4s6,15,Hand hygiene,complete,dbfceff6-114c-453f-a3b7-79d374cf23b7,2024-09-13T11:21:56.545373+00:00,disturbance
s4s6,16,Disinfect injection site,start,7f123b7a-e589-47ff-b1df-40ea79f02dde,2024-09-13T11:21:57.166220+00:00,disturbance
s4s6,17,Disinfect injection site,complete,7f123b7a-e589-47ff-b1df-40ea79f02dde,2024-09-13T11:22:08.961601+00:00,disturbance
s4s6,18,Insert needle,start,4d25e9ba-0a27-4892-8fea-4585afec0dde,2024-09-13T11:22:10.327268+00:00,disturbance
s4s6,19,Insert needle,complete,4d25e9ba-0a27-4892-8fea-4585afec0dde,2024-09-13T11:22:19.951669+00:00,disturbance
s4s6,20,Remove tourniquet,start,6cb2bfbe-0115-437b-a73b-c0a5d8536608,2024-09-13T11:22:23.620324+00:00,disturbance
s4s6,21,Remove tourniquet,complete,6cb2bfbe-0115-437b-a73b-c0a5d8536608,2024-09-13T11:22:28.309597+00:00,disturbance
s4s6,22,Start blood drawing machine,start,d5714ff5-766e-4079-b29e-0459f23f8e6d,2024-09-13T11:22:31.545111+00:00,disturbance
s4s6,23,Start blood drawing machine,complete,d5714ff5-766e-4079-b29e-0459f23f8e6d,2024-09-13T11:22:33.517960+00:00,disturbance
s4s6,24,Monitor patient,start,04dab58e-2d4c-4c14-9dfa-c8516d6d9325,2024-09-13T11:22:40.479826+00:00,disturbance
s4s6,25,Monitor patient,complete,04dab58e-2d4c-4c14-9dfa-c8516d6d9325,2024-09-13T11:22:43.789736+00:00,disturbance
s4s6,26,Stop blood drawing machine,start,cb1d10db-8766-4026-b1d2-f0093fb98d55,2024-09-13T11:22:45.803492+00:00,disturbance
s4s6,27,Stop blood drawing machine,complete,cb1d10db-8766-4026-b1d2-f0093fb98d55,2024-09-13T11:22:48.838770+00:00,disturbance
s4s6,28,Remove needle,start,96dab68c-e538-40e4-9cdb-fae937ed314e,2024-09-13T11:22:49.576929+00:00,disturbance
s4s6,29,Remove needle,complete,96dab68c-e538-40e4-9cdb-fae937ed314e,2024-09-13T11:22:57.915912+00:00,disturbance
s4s6,30,Hand hygiene,start,dbfceff6-114c-453f-a3b7-79d374cf23b7,2024-09-13T11:22:59.556414+00:00,disturbance
s4s6,31,Hand hygiene,complete,dbfceff6-114c-453f-a3b7-79d374cf23b7,2024-09-13T11:23:13.109935+00:00,disturbance
s4s6,32,Donor check-out,start,7cc29cf8-f408-4538-a6d6-3571891ea0db,2024-09-13T11:23:14.115461+00:00,disturbance
s4s6,33,Donor check-out,complete,7cc29cf8-f408-4538-a6d6-3571891ea0db,2024-09-13T11:23:17.370644+00:00,disturbance
s4s6,34,Take out samples,start,44f8fdc7-a383-4e00-b093-5bfab4f27d1c,2024-09-13T11:23:19.233294+00:00,disturbance
s4s6,35,Take out samples,complete,44f8fdc7-a383-4e00-b093-5bfab4f27d1c,2024-09-13T11:23:27.717045+00:00,disturbance
s4s6,36,Hand hygiene,start,dbfceff6-114c-453f-a3b7-79d374cf23b7,2024-09-13T11:23:29.756355+00:00,disturbance
s4s6,37,Hand hygiene,complete,dbfceff6-114c-453f-a3b7-79d374cf23b7,2024-09-13T11:23:34.280582+00:00,disturbance
s4s6,38,HCW check-out,start,1b6d505c-2da1-45b1-ab9b-70978ec5432c,2024-09-13T11:23:35.100135+00:00,disturbance
s4s6,39,HCW check-out,complete,1b6d505c-2da1-45b1-ab9b-70978ec5432c,2024-09-13T11:23:37.118835+00:00,disturbance
s4s7,0,Donor check-in,start,dd1d0729-adc6-4d45-8f63-a304fade33b8,2024-09-13T11:27:23.125049+00:00,basic
s4s7,1,Donor check-in,complete,dd1d0729-adc6-4d45-8f63-a304fade33b8,2024-09-13T11:27:24.943662+00:00,basic
s4s7,2,Donor check-in,start,dd1d0729-adc6-4d45-8f63-a304fade33b8,2024-09-13T11:27:26.817839+00:00,basic
s4s7,3,Donor check-in,complete,dd1d0729-adc6-4d45-8f63-a304fade33b8,2024-09-13T11:27:35.178798+00:00,basic
s4s7,4,HCW check-in,start,795e7cb5-28c4-4018-8287-abaeeba50797,2024-09-13T11:27:38.060504+00:00,basic
s4s7,5,HCW check-in,complete,795e7cb5-28c4-4018-8287-abaeeba50797,2024-09-13T11:27:43.940149+00:00,basic
s4s7,6,Hand hygiene,start,dbfceff6-114c-453f-a3b7-79d374cf23b7,2024-09-13T11:27:45.090958+00:00,basic
s4s7,7,Hand hygiene,complete,dbfceff6-114c-453f-a3b7-79d374cf23b7,2024-09-13T11:27:52.929396+00:00,basic
s4s7,8,Check blood drawing machine,start,c0bb52cb-913b-416b-9d04-647704cd0730,2024-09-13T11:27:53.824351+00:00,basic
s4s7,9,Check blood drawing machine,complete,c0bb52cb-913b-416b-9d04-647704cd0730,2024-09-13T11:28:00.827800+00:00,basic
s4s7,10,Apply tourniquet,start,ecf31e86-5b9f-419f-9822-ac505d6280cd,2024-09-13T11:28:04.935803+00:00,basic
s4s7,11,Apply tourniquet,complete,ecf31e86-5b9f-419f-9822-ac505d6280cd,2024-09-13T11:28:13.158328+00:00,basic
s4s7,12,Hand hygiene,start,dbfceff6-114c-453f-a3b7-79d374cf23b7,2024-09-13T11:28:15.970087+00:00,basic
s4s7,13,Hand hygiene,complete,dbfceff6-114c-453f-a3b7-79d374cf23b7,2024-09-13T11:28:31.696503+00:00,basic
s4s7,14,Disinfect injection site,start,7f123b7a-e589-47ff-b1df-40ea79f02dde,2024-09-13T11:28:32.902231+00:00,basic
s4s7,15,Disinfect injection site,complete,7f123b7a-e589-47ff-b1df-40ea79f02dde,2024-09-13T11:28:46.853349+00:00,basic
s4s7,16,Insert needle,start,4d25e9ba-0a27-4892-8fea-4585afec0dde,2024-09-13T11:28:51.872161+00:00,basic
s4s7,17,Insert needle,complete,4d25e9ba-0a27-4892-8fea-4585afec0dde,2024-09-13T11:28:58.732989+00:00,basic
s4s7,18,Remove tourniquet,start,6cb2bfbe-0115-437b-a73b-c0a5d8536608,2024-09-13T11:29:07.643680+00:00,basic
s4s7,19,Remove tourniquet,complete,6cb2bfbe-0115-437b-a73b-c0a5d8536608,2024-09-13T11:29:14.616209+00:00,basic
s4s7,20,Start blood drawing machine,start,d5714ff5-766e-4079-b29e-0459f23f8e6d,2024-09-13T11:29:17.029377+00:00,basic
s4s7,21,Start blood drawing machine,complete,d5714ff5-766e-4079-b29e-0459f23f8e6d,2024-09-13T11:29:20.849417+00:00,basic
s4s7,22,Hand hygiene,start,dbfceff6-114c-453f-a3b7-79d374cf23b7,2024-09-13T11:29:21.628962+00:00,basic
s4s7,23,Hand hygiene,complete,dbfceff6-114c-453f-a3b7-79d374cf23b7,2024-09-13T11:29:31.420050+00:00,basic
s4s7,24,Check blood drawing machine,start,c0bb52cb-913b-416b-9d04-647704cd0730,2024-09-13T11:29:32.556380+00:00,basic
s4s7,25,Check blood drawing machine,complete,c0bb52cb-913b-416b-9d04-647704cd0730,2024-09-13T11:29:37.693143+00:00,basic
s4s7,26,Apply tourniquet,start,ecf31e86-5b9f-419f-9822-ac505d6280cd,2024-09-13T11:29:38.603418+00:00,basic
s4s7,27,Apply tourniquet,complete,ecf31e86-5b9f-419f-9822-ac505d6280cd,2024-09-13T11:29:45.327282+00:00,basic
s4s7,28,Hand hygiene,start,dbfceff6-114c-453f-a3b7-79d374cf23b7,2024-09-13T11:29:46.409554+00:00,basic
s4s7,29,Hand hygiene,complete,dbfceff6-114c-453f-a3b7-79d374cf23b7,2024-09-13T11:29:57.649511+00:00,basic
s4s7,30,Disinfect injection site,start,7f123b7a-e589-47ff-b1df-40ea79f02dde,2024-09-13T11:29:58.193487+00:00,basic
s4s7,31,Disinfect injection site,complete,7f123b7a-e589-47ff-b1df-40ea79f02dde,2024-09-13T11:30:08.255668+00:00,basic
s4s7,32,Insert needle,start,4d25e9ba-0a27-4892-8fea-4585afec0dde,2024-09-13T11:30:12.509873+00:00,basic
s4s7,33,Insert needle,complete,4d25e9ba-0a27-4892-8fea-4585afec0dde,2024-09-13T11:30:19.399878+00:00,basic
s4s7,34,Remove tourniquet,start,6cb2bfbe-0115-437b-a73b-c0a5d8536608,2024-09-13T11:30:21.944185+00:00,basic
s4s7,35,Remove tourniquet,complete,6cb2bfbe-0115-437b-a73b-c0a5d8536608,2024-09-13T11:30:26.751784+00:00,basic
s4s7,36,Start blood drawing machine,start,d5714ff5-766e-4079-b29e-0459f23f8e6d,2024-09-13T11:30:29.890522+00:00,basic
s4s7,37,Start blood drawing machine,complete,d5714ff5-766e-4079-b29e-0459f23f8e6d,2024-09-13T11:30:33.332569+00:00,basic
s4s7,38,Monitor patient,start,04dab58e-2d4c-4c14-9dfa-c8516d6d9325,2024-09-13T11:30:41.989229+00:00,basic
s4s7,39,Monitor patient,complete,04dab58e-2d4c-4c14-9dfa-c8516d6d9325,2024-09-13T11:30:45.609720+00:00,basic
s4s7,40,Stop blood drawing machine,start,cb1d10db-8766-4026-b1d2-f0093fb98d55,2024-09-13T11:30:48.651119+00:00,basic
s4s7,41,Stop blood drawing machine,complete,cb1d10db-8766-4026-b1d2-f0093fb98d55,2024-09-13T11:30:52.968640+00:00,basic
s4s7,42,Remove needle,start,96dab68c-e538-40e4-9cdb-fae937ed314e,2024-09-13T11:30:53.830946+00:00,basic
s4s7,43,Remove needle,complete,96dab68c-e538-40e4-9cdb-fae937ed314e,2024-09-13T11:31:04.743181+00:00,basic
s4s7,44,Hand hygiene,start,dbfceff6-114c-453f-a3b7-79d374cf23b7,2024-09-13T11:31:06.873143+00:00,basic
s4s7,45,Hand hygiene,complete,dbfceff6-114c-453f-a3b7-79d374cf23b7,2024-09-13T11:31:18.019592+00:00,basic
s4s7,46,Donor check-out,start,7cc29cf8-f408-4538-a6d6-3571891ea0db,2024-09-13T11:31:19.922061+00:00,basic
s4s7,47,Donor check-out,complete,7cc29cf8-f408-4538-a6d6-3571891ea0db,2024-09-13T11:31:23.576868+00:00,basic
s4s7,48,Take out samples,start,44f8fdc7-a383-4e00-b093-5bfab4f27d1c,2024-09-13T11:31:27.440569+00:00,basic
s4s7,49,Take out samples,complete,44f8fdc7-a383-4e00-b093-5bfab4f27d1c,2024-09-13T11:31:38.181598+00:00,basic
s4s7,50,Hand hygiene,start,dbfceff6-114c-453f-a3b7-79d374cf23b7,2024-09-13T11:31:43.024300+00:00,basic
s4s7,51,Hand hygiene,complete,dbfceff6-114c-453f-a3b7-79d374cf23b7,2024-09-13T11:31:54.623179+00:00,basic
s4s7,52,Monitor patient,start,04dab58e-2d4c-4c14-9dfa-c8516d6d9325,2024-09-13T11:32:01.239194+00:00,basic
s4s7,53,Monitor patient,complete,04dab58e-2d4c-4c14-9dfa-c8516d6d9325,2024-09-13T11:32:09.222370+00:00,basic
s4s7,54,Stop blood drawing machine,start,cb1d10db-8766-4026-b1d2-f0093fb98d55,2024-09-13T11:32:10.515654+00:00,basic
s4s7,55,Stop blood drawing machine,complete,cb1d10db-8766-4026-b1d2-f0093fb98d55,2024-09-13T11:32:14.439937+00:00,basic
s4s7,56,Remove needle,start,96dab68c-e538-40e4-9cdb-fae937ed314e,2024-09-13T11:32:17.669643+00:00,basic
s4s7,57,Remove needle,complete,96dab68c-e538-40e4-9cdb-fae937ed314e,2024-09-13T11:32:27.831557+00:00,basic
s4s7,58,Hand hygiene,start,dbfceff6-114c-453f-a3b7-79d374cf23b7,2024-09-13T11:32:28.969883+00:00,basic
s4s7,59,Hand hygiene,complete,dbfceff6-114c-453f-a3b7-79d374cf23b7,2024-09-13T11:32:43.268126+00:00,basic
s4s7,60,Donor check-out,start,7cc29cf8-f408-4538-a6d6-3571891ea0db,2024-09-13T11:32:44.371344+00:00,basic
s4s7,61,Donor check-out,complete,7cc29cf8-f408-4538-a6d6-3571891ea0db,2024-09-13T11:32:45.233359+00:00,basic
s4s7,62,Take out samples,start,44f8fdc7-a383-4e00-b093-5bfab4f27d1c,2024-09-13T11:32:45.937469+00:00,basic
s4s7,63,Take out samples,complete,44f8fdc7-a383-4e00-b093-5bfab4f27d1c,2024-09-13T11:32:53.009742+00:00,basic
s4s7,64,Hand hygiene,start,dbfceff6-114c-453f-a3b7-79d374cf23b7,2024-09-13T11:32:54.387868+00:00,basic
s4s7,65,Hand hygiene,complete,dbfceff6-114c-453f-a3b7-79d374cf23b7,2024-09-13T11:32:57.678634+00:00,basic
s4s7,66,HCW check-out,start,1b6d505c-2da1-45b1-ab9b-70978ec5432c,2024-09-13T11:32:59.189720+00:00,basic
s4s7,67,HCW check-out,complete,1b6d505c-2da1-45b1-ab9b-70978ec5432c,2024-09-13T11:33:01.148710+00:00,basic
s4s8,0,Donor check-in,start,dd1d0729-adc6-4d45-8f63-a304fade33b8,2024-09-13T11:36:25.123506+00:00,basic
s4s8,1,Donor check-in,complete,dd1d0729-adc6-4d45-8f63-a304fade33b8,2024-09-13T11:36:27.597582+00:00,basic
s4s8,2,Donor check-in,start,dd1d0729-adc6-4d45-8f63-a304fade33b8,2024-09-13T11:36:29.320526+00:00,basic
s4s8,3,Donor check-in,complete,dd1d0729-adc6-4d45-8f63-a304fade33b8,2024-09-13T11:36:31.767703+00:00,basic
s4s8,4,HCW check-in,start,795e7cb5-28c4-4018-8287-abaeeba50797,2024-09-13T11:36:33.539341+00:00,basic
s4s8,5,HCW check-in,complete,795e7cb5-28c4-4018-8287-abaeeba50797,2024-09-13T11:36:41.441469+00:00,basic
s4s8,6,Hand hygiene,start,dbfceff6-114c-453f-a3b7-79d374cf23b7,2024-09-13T11:36:42.715291+00:00,basic
s4s8,7,Hand hygiene,complete,dbfceff6-114c-453f-a3b7-79d374cf23b7,2024-09-13T11:36:50.152665+00:00,basic
s4s8,8,Check blood drawing machine,start,c0bb52cb-913b-416b-9d04-647704cd0730,2024-09-13T11:36:51.133873+00:00,basic
s4s8,9,Check blood drawing machine,complete,c0bb52cb-913b-416b-9d04-647704cd0730,2024-09-13T11:36:55.007492+00:00,basic
s4s8,10,Apply tourniquet,start,ecf31e86-5b9f-419f-9822-ac505d6280cd,2024-09-13T11:36:56.158683+00:00,basic
s4s8,11,Apply tourniquet,complete,ecf31e86-5b9f-419f-9822-ac505d6280cd,2024-09-13T11:37:03.626595+00:00,basic
s4s8,12,Hand hygiene,start,dbfceff6-114c-453f-a3b7-79d374cf23b7,2024-09-13T11:37:05.019916+00:00,basic
s4s8,13,Hand hygiene,complete,dbfceff6-114c-453f-a3b7-79d374cf23b7,2024-09-13T11:37:23.124793+00:00,basic
s4s8,14,Disinfect injection site,start,7f123b7a-e589-47ff-b1df-40ea79f02dde,2024-09-13T11:37:23.619708+00:00,basic
s4s8,15,Disinfect injection site,complete,7f123b7a-e589-47ff-b1df-40ea79f02dde,2024-09-13T11:37:53.991961+00:00,basic
s4s8,16,Insert needle,start,4d25e9ba-0a27-4892-8fea-4585afec0dde,2024-09-13T11:38:01.761215+00:00,basic
s4s8,17,Insert needle,complete,4d25e9ba-0a27-4892-8fea-4585afec0dde,2024-09-13T11:38:15.647995+00:00,basic
s4s8,18,Remove tourniquet,start,6cb2bfbe-0115-437b-a73b-c0a5d8536608,2024-09-13T11:38:18.039627+00:00,basic
s4s8,19,Remove tourniquet,complete,6cb2bfbe-0115-437b-a73b-c0a5d8536608,2024-09-13T11:38:22.742912+00:00,basic
s4s8,20,Start blood drawing machine,start,d5714ff5-766e-4079-b29e-0459f23f8e6d,2024-09-13T11:38:23.605662+00:00,basic
s4s8,21,Start blood drawing machine,complete,d5714ff5-766e-4079-b29e-0459f23f8e6d,2024-09-13T11:38:28.162675+00:00,basic
s4s8,22,Hand hygiene,start,dbfceff6-114c-453f-a3b7-79d374cf23b7,2024-09-13T11:38:30.797744+00:00,basic
s4s8,23,Hand hygiene,complete,dbfceff6-114c-453f-a3b7-79d374cf23b7,2024-09-13T11:38:46.228218+00:00,basic
s4s8,24,Check blood drawing machine,start,c0bb52cb-913b-416b-9d04-647704cd0730,2024-09-13T11:38:46.847129+00:00,basic
s4s8,25,Check blood drawing machine,complete,c0bb52cb-913b-416b-9d04-647704cd0730,2024-09-13T11:38:51.296071+00:00,basic
s4s8,26,Apply tourniquet,start,ecf31e86-5b9f-419f-9822-ac505d6280cd,2024-09-13T11:38:52.267121+00:00,basic
s4s8,27,Apply tourniquet,complete,ecf31e86-5b9f-419f-9822-ac505d6280cd,2024-09-13T11:38:57.555752+00:00,basic
s4s8,28,Hand hygiene,start,dbfceff6-114c-453f-a3b7-79d374cf23b7,2024-09-13T11:39:00.156562+00:00,basic
s4s8,29,Hand hygiene,complete,dbfceff6-114c-453f-a3b7-79d374cf23b7,2024-09-13T11:39:22.959908+00:00,basic
s4s8,30,Disinfect injection site,start,7f123b7a-e589-47ff-b1df-40ea79f02dde,2024-09-13T11:39:23.694775+00:00,basic
s4s8,31,Disinfect injection site,complete,7f123b7a-e589-47ff-b1df-40ea79f02dde,2024-09-13T11:39:35.294914+00:00,basic
s4s8,32,Insert needle,start,4d25e9ba-0a27-4892-8fea-4585afec0dde,2024-09-13T11:39:38.702670+00:00,basic
s4s8,33,Insert needle,complete,4d25e9ba-0a27-4892-8fea-4585afec0dde,2024-09-13T11:39:53.173469+00:00,basic
s4s8,34,Remove tourniquet,start,6cb2bfbe-0115-437b-a73b-c0a5d8536608,2024-09-13T11:39:56.132785+00:00,basic
s4s8,35,Remove tourniquet,complete,6cb2bfbe-0115-437b-a73b-c0a5d8536608,2024-09-13T11:40:01.368388+00:00,basic
s4s8,36,Start blood drawing machine,start,d5714ff5-766e-4079-b29e-0459f23f8e6d,2024-09-13T11:40:02.431478+00:00,basic
s4s8,37,Start blood drawing machine,complete,d5714ff5-766e-4079-b29e-0459f23f8e6d,2024-09-13T11:40:04.465401+00:00,basic
s4s8,38,Monitor patient,start,04dab58e-2d4c-4c14-9dfa-c8516d6d9325,2024-09-13T11:40:13.869390+00:00,basic
s4s8,39,Monitor patient,complete,04dab58e-2d4c-4c14-9dfa-c8516d6d9325,2024-09-13T11:40:19.216477+00:00,basic
s4s8,40,Stop blood drawing machine,start,cb1d10db-8766-4026-b1d2-f0093fb98d55,2024-09-13T11:40:22.057237+00:00,basic
s4s8,41,Stop blood drawing machine,complete,cb1d10db-8766-4026-b1d2-f0093fb98d55,2024-09-13T11:40:25.319996+00:00,basic
s4s8,42,Remove needle,start,96dab68c-e538-40e4-9cdb-fae937ed314e,2024-09-13T11:40:26.513914+00:00,basic
s4s8,43,Remove needle,complete,96dab68c-e538-40e4-9cdb-fae937ed314e,2024-09-13T11:40:40.986098+00:00,basic
s4s8,44,Hand hygiene,start,dbfceff6-114c-453f-a3b7-79d374cf23b7,2024-09-13T11:40:43.564194+00:00,basic
s4s8,45,Hand hygiene,complete,dbfceff6-114c-453f-a3b7-79d374cf23b7,2024-09-13T11:41:03.126603+00:00,basic
s4s8,46,Donor check-out,start,7cc29cf8-f408-4538-a6d6-3571891ea0db,2024-09-13T11:41:05.441740+00:00,basic
s4s8,47,Donor check-out,complete,7cc29cf8-f408-4538-a6d6-3571891ea0db,2024-09-13T11:41:08.456003+00:00,basic
s4s8,48,Take out samples,start,44f8fdc7-a383-4e00-b093-5bfab4f27d1c,2024-09-13T11:41:09.090318+00:00,basic
s4s8,49,Take out samples,complete,44f8fdc7-a383-4e00-b093-5bfab4f27d1c,2024-09-13T11:41:17.614283+00:00,basic
s4s8,50,Hand hygiene,start,dbfceff6-114c-453f-a3b7-79d374cf23b7,2024-09-13T11:41:20.986196+00:00,basic
s4s8,51,Hand hygiene,complete,dbfceff6-114c-453f-a3b7-79d374cf23b7,2024-09-13T11:41:43.720154+00:00,basic
s4s8,52,Monitor patient,start,04dab58e-2d4c-4c14-9dfa-c8516d6d9325,2024-09-13T11:41:45.086096+00:00,basic
s4s8,53,Monitor patient,complete,04dab58e-2d4c-4c14-9dfa-c8516d6d9325,2024-09-13T11:41:50.970869+00:00,basic
s4s8,54,Stop blood drawing machine,start,cb1d10db-8766-4026-b1d2-f0093fb98d55,2024-09-13T11:41:55.831602+00:00,basic
s4s8,55,Stop blood drawing machine,complete,cb1d10db-8766-4026-b1d2-f0093fb98d55,2024-09-13T11:41:59.274574+00:00,basic
s4s8,56,Remove needle,start,96dab68c-e538-40e4-9cdb-fae937ed314e,2024-09-13T11:42:00.916188+00:00,basic
s4s8,57,Remove needle,complete,96dab68c-e538-40e4-9cdb-fae937ed314e,2024-09-13T11:42:12.904329+00:00,basic
s4s8,58,Hand hygiene,start,dbfceff6-114c-453f-a3b7-79d374cf23b7,2024-09-13T11:42:16.126784+00:00,basic
s4s8,59,Hand hygiene,complete,dbfceff6-114c-453f-a3b7-79d374cf23b7,2024-09-13T11:42:28.117366+00:00,basic
s4s8,60,Donor check-out,start,7cc29cf8-f408-4538-a6d6-3571891ea0db,2024-09-13T11:42:29.138801+00:00,basic
s4s8,61,Donor check-out,complete,7cc29cf8-f408-4538-a6d6-3571891ea0db,2024-09-13T11:42:31.704229+00:00,basic
s4s8,62,Take out samples,start,44f8fdc7-a383-4e00-b093-5bfab4f27d1c,2024-09-13T11:42:34.650374+00:00,basic
s4s8,63,Take out samples,complete,44f8fdc7-a383-4e00-b093-5bfab4f27d1c,2024-09-13T11:42:42.466735+00:00,basic
s4s8,64,Hand hygiene,start,dbfceff6-114c-453f-a3b7-79d374cf23b7,2024-09-13T11:42:46.117803+00:00,basic
s4s8,65,Hand hygiene,complete,dbfceff6-114c-453f-a3b7-79d374cf23b7,2024-09-13T11:42:51.933907+00:00,basic
s4s8,66,HCW check-out,start,1b6d505c-2da1-45b1-ab9b-70978ec5432c,2024-09-13T11:42:53.264581+00:00,basic
s4s8,67,HCW check-out,complete,1b6d505c-2da1-45b1-ab9b-70978ec5432c,2024-09-13T11:42:56.446616+00:00,basic
